"TITLE","TIME","CONTENT","TYPE"
"泰國落地簽證免費 上網申請服務費525泰銖","2018/11/19 18:41","（中央社記者汪淑芬台北19日電）泰國政府15日起到明年1月13日，給予包括台灣在內21國家兩個月落地簽證免費，泰國觀光局今天提醒，上網申請可省去排隊時間，但要付525元泰銖的服務費。 泰國觀光局上午提醒，落地簽證減免費用期間，為減少旅客排隊等候時間，18日起各機場陸續開放上網申請電子落地簽證，24小時可知道是否通過；泰國觀光局下午補充說明，線上申請落地簽證，仍需收取525元泰銖服務費。 目前，在台灣辦泰國簽的費用是新台幣1200元，落地簽證費原本是2000泰銖（約新台幣1900元），15日起，台灣在內等21國家旅客辦理落地簽證，免收2000元泰銖，若想省去排隊時間，就要付525元泰銖。 根據泰國觀光局提供的資料，蘇汪納蓬國際機場及東門國際機場入境的旅客，18日已可上網申請落地簽證，普吉國際機場今天開始實施，清邁國際機場將在26日開始實施。（編輯：黃于）1071119","生活"
"集保e存摺2.0 圖表方式呈現整合資產","2018/11/19 18:30","（中央社記者潘智義台北19日電）台灣集中保管結算所統計，「集保e存摺」APP於去年3月29日上線，實現證券集保存摺行動化與數位化，迄今一年多已成功開通數超過40萬戶。 集保結算所董事長林修銘今天在「集保e存摺」APP2.0發表會表示，近年集保積極打造數位化帳簿劃撥環境，集保e存摺可滿足投資人對證券存摺行動化與數位化的需求，更深一層的意義是運用數位化科技建立市場的新制度。 林修銘表示，集保e存摺讓投資人能隨手登摺掌握最新庫存訊息，並且能查詢不同證券商下所持有的資產部位。集保e存摺上線以來，持續蒐集各方建議、了解用戶需求，所以才有這次的2.0全新改版，希望提供投資人更完善的服務。 他說，集保e存摺新版本共有整合資產分布、雲端交易明細、客製推播訊息、股市脈絡數據等4大特色功能，在整合資產分布部分，由於投資人多有整合多個帳戶的需求，1.0版本已實現讓多本證券存摺集中於「集保e存摺」，2.0版本進一步整合各本證券存摺內的資產，以圖表方式呈現整合資產。 另外，雲端交易明細功能，讓投資人不用再煩惱換手機後交易明細會遺失；客製推播訊息則是針對投資人有權參與的各項事件進行通知；新推出的「e搜股」功能，提供完整的市場重大訊息、股東會、除權息等資訊，並將集保專屬的股權分散數據圖像化，投資人還可自訂級距查詢，讓投資人管理資產更為得心應手。（編輯：蘇志宗）1071119","證券"
"微軟啟動加速器 盼3年助40家新創接軌國際","2018/11/19 18:26","（中央社記者蔡芃敏台北19日電）台灣微軟今天宣布正式啟動「微軟新創加速器」，這個與經濟部合作的平台將連結新創公司與客戶。微軟表示，首次將招攬10至15家新創企業，希望3年內成功扶植40家企業接軌國際。 微軟積極在台灣培育人才，協助產業數位轉型，在2016年成立「微軟物聯網創新中心」布局全球物聯網生態系協助台灣發揚硬體製造業優勢，2018年1月則成立「AI研發中心」將研發核心及資源帶進台灣。 微軟表示，第一期希望招攬10至15家新創團隊，盼能在3年內成功扶植40家企業接軌國際。 微軟說，有意加入加速器的新創團隊需具備創業基礎，目標是走向台灣、國際的企業客戶，只是在技術方面需要微軟協助。 微軟表示，新創面臨很多問題不是錢能解決的，需要前人的經驗。微軟將經驗傳授給新創團隊。另外，也透過這項平台，協助新創團隊更快找到本地和國際客戶。 微軟表示，台灣新創團隊有一部分有意願往外發展，可以透過微軟在全球的加速器與國際接軌。另外，創業不一定需要離鄉背井，想根留台灣的團隊，也能由新創的點子改進台灣傳統展業、製造業。 微軟說，台灣有很好的機會，相信新創團隊在台灣也能成功。 經濟部次長龔明鑫今天也出席記者會，他說，未來中小企業處將改名為中小及新創企業署，未來會挹注更多資源在新創領域，也期盼這個平台能協助更多新創業者。（編輯：李信寬）1071119","產經"
"科技大廠無預警放無薪假  派遣工盼市府伸援手","2018/11/19 18:26","（中央社記者吳睿騏桃園19日電）科技大廠嘉聯益公司位在桃園市觀音區的工廠，上週無預警宣布放無薪假，造成上百位勞工突然失業，今天在桃園市產業總工會的陪同下，60多位勞工到桃園市政府陳情，盼勞動局正視。 科技大廠嘉聯益公司日前發布訊息指出，因應訂單調節，將請派遣公司協助派遣工轉廠，後續將關切、協助派遣公司與派遣工的協調，保障勞工權益。 不過今天下午，60多名嘉聯益公司的派遣工，在桃園市產業總工會的陪同下前往市府陳情，失業派遣工代表受訪表示，公司上週下班前突然召集各部門派遣工，並通知開始放無薪假，上百位勞工頓時失業，分屬8家人力派遣公司的勞工在詢問公司後，也只得到「不確定何時會有工作」的回覆。 失業派遣工代表指出，當初透過派遣公司到嘉聯益工作，與派遣公司1次簽約時間為3個月，許多人連房子都租了，做不到一個月卻接獲通知放無薪假。派遣工認為，嘉聯益明明是賺錢的公司，放無薪假應屬違法行為，要求市府出面介入協調保障勞工權益，更呼籲嘉聯益依照合約給付工資。 桃園市政府勞動局勞資關係科長馮飛燿表示，市府在上週五接獲陳情後，已先派員到派遣公司了解並查核契約，原本預計在28日召開協調會，但失業派遣工希望提前至21日舉行，勞動局則承諾將聯繫資方，並確認協調會時間。（編輯：張銘坤）1071119","地方"
"高端疫苗與美國衛院簽研究授權合約","2018/11/19 18:23","（中央社記者韓婷婷台北19日電）高端疫苗今天宣布與全球頂尖的美國國家衛生研究院簽訂「呼吸道融合病毒」（RSV, Respiratory Syncytial Virus）疫苗研究授權合約。 透過此合約，高端疫苗將取得由美國國衛院開發的RSV-MPV嵌合型疫苗生物材料，用以進行疫苗與診斷試劑研發測試。高端疫苗後續將視研發結果，進一步向美國國衛院協商全球授權規劃。 高端疫苗指出，RSV對早產兒有極高的危險性，根據Washington Business Journal評估，RSV疫苗的全球市場年銷售值預估超過60億美元，被視為下一個具「暢銷醫藥品 (blockbuster)」的潛力，至今仍無主動免疫的預防性疫苗上市。目前市面上唯一上市的RSV被動免疫的抗體藥 (Synagis)，全球年銷售峰值達18億美元。（編輯：張均懋）1071119","證券"
"中國遭批施展債務陷阱外交 太平洋島國也受害","2018/11/19 18:17","（中央社墨爾本19日綜合外電報導）為積極擴張在全球政治經濟影響力，中國提供開發中國家數百億美元優惠貸款進行基礎建設，但卻造成這些國家無力償債，遭批為「債務陷阱外交」，包括一些太平洋島國也受影響。 澳洲廣播公司新聞網（ABC News）報導，北京提供開發中國家的融資，是以推動中國國家主席習近平的「一帶一路」旗艦政策為名義。這項規模1兆美元的建設計畫，目的是以中國為中心，橫跨各洲多國串起貿易通路。 儘管北京曾形容「一帶一路」是雙贏計畫，既能拓展中國的全球貿易雄心，對亟需基礎建設的開發中國家也有利。但實際上，許多體質脆弱的國家到頭來卻發現，自己快被中國債務壓垮。 中國的「債務陷阱外交」是這樣運作：北京提供較貧窮國家優惠貸款來進行大規模基礎建設，這些國家受到吸引而接受；一旦這些國家無法按時償債，北京便能要求他們做出妥協或提供其他好處，以交換債務減免。 專家警告，北京以不良債務當作一種形式的陷阱，以擴大在全球的影響力和勢力。 斯里蘭卡的赫班托達港（Hambantota Port）開發計畫，對任何以為中國貸款沒有附帶條件的人，便是一個警示故事。 斯里蘭卡去年為獲得北京免除約10億美元債務，被迫將赫班托達港出租給中國長達99年，形同交出控制權，因此引發群眾抗議。 北京則因此在區域對手國印度的地盤，取得一關鍵港口的控制權；並在一條重要的商業和軍事水路，取得戰略性據點。 在太平洋地區，中國也如此伸張影響力。短短10年間，中國提供當地國家的貸款和金援總額，從幾近零躍增至18億美元。一些澳洲鄰近國家已背負沉重的中國債務，北京卻還承諾，在整個太平洋地區總共將投入58億美元。 例如，北京曾承諾提供巴布亞紐幾內亞高達35億美元融資，以建設首都莫士比港（Port Moresby）為中心的全新公路網。 斐濟目前則積欠中國5億美元債務。東加王國也欠中國超過1億6000萬美元，相當於國內生產毛額（GDP）的1/3。 東加曾被迫承認可能無力償債，令人擔憂其他太平洋小國也會陷入債務困境，而難以抵擋北京的外交壓力。 事實上，東加總理今年甚至一度有意要求太平洋島國團結一致對抗中國，但數天後他又退縮，至今原因仍不明。 今年稍早有報導傳出，中國正採取行動在萬那杜建立軍事基地。這項消息引發澳洲驚慌，並因此重新專注於奪回在區域的影響力。 澳洲總理莫里森（Scott Morrison）如今也宣布成立一新的基礎建設銀行，專為投資太平洋地區的開發計畫，這普遍被視為抵抗中國影響力的行動。（譯者：張正芊/核稿：劉學源）1071119","國際"
"韓元走弱外資匯出 新台幣連2貶收30.906元","2018/11/19 18:15","（中央社記者邱柏勝台北19日電）韓元開高走低，加上外資匯出，壓抑新台幣貶破30.9元關卡，但出口商隨即進場拋匯，終場新台幣以30.906元兌1美元作收，小貶1.8分，匯價連2貶。 外匯交易員表示，新台幣早盤小升，但受制於亞幣疲弱、韓元開高走低，以及外資、基金等持續匯出，壓抑新台幣貶破30.9元關卡，不過，由於出口商在新台幣貶破30.9元後陸續進場拋匯，緩和新台幣跌勢，終場僅小貶1.8分作收。 展望新台幣後市，外匯交易員指出，近期台股盤整，但包含台積電等大型權值股表現疲弱，市場憂心外資恐進一步匯出，有些基金業者先行一步抽離股市並匯出資金，壓抑新台幣走弱。因本週六就要舉辦九合一選舉，市場觀望選舉結果，預料股匯市交投將趨清淡，新台幣也將在30.9元區間震盪，後續則觀察美元走勢與外資動向。 新台幣兌美元今天開盤價為30.860元，最高30.845元、最低30.910元，台北與元太外匯經紀公司總成交量12.51億美元。（編輯：張均懋）1071119","產經"
"蘇清泉20日造勢晚會 預告韓國瑜到場","2018/11/19 18:12","（中央社記者郭芷瑄屏東縣19日電）國民黨籍屏東縣長候選人蘇清泉今天下午預告，明天晚上6時在屏東市慈鳳宮將舉辦「高屏強勢連線聯合造勢晚會」，高雄市長候選人韓國瑜將親臨會場，訴求高屏生活圈共同翻轉。 韓國瑜曾經在10月份受國民黨籍屏東市長候選人林協松邀請，到屏東為林協松助選，地點也在屏東市慈鳳宮前，當時民眾熱情歡迎的程度，讓全台注意到「韓流」外溢效應，蘇清泉在這場晚會搭了順風車上台演講。 而後，蘇清泉前往高雄市參加11日的反空污遊行，與韓國瑜合體，並與韓國瑜敲定20日到屏東參加造勢晚會；但是，韓國瑜15日到台中與台中市長候選人盧秀燕、新北市長候選人侯友宜合體造勢後，表示不再參加外縣市造勢，昨天雲林縣的造勢，韓國瑜以視訊現身。 韓國瑜明晚會不會親自到屏東參加造勢晚會，由於蘇清泉半個月前已對外預告，上週開始也在競選總部貼告示，受到許多民眾的關注，紛紛打電話向候選人總部詢問。 蘇清泉競選總部下午發新聞稿表示，明晚將在屏東市慈鳳宮前舉辦「高屏強勢連線聯合造勢晚會」，韓國瑜將親臨會場訴求高屏生活圈共同翻轉。 蘇清泉表示，高雄及屏東都是民進黨長期執政的地區，也都「又老又窮」，年輕人口外流、家戶所得偏低，韓國瑜在高雄掀起的旋風，也讓很多屏東人省思覺醒該改變了，他自己剛投入選舉時，外界都不看好，走到現在，民心氛圍已經改變。 蘇清泉說，20日晚會還有前行政院長張善政、前國民黨主席洪秀柱、立委柯志恩及包括屏東市長候選人林協松在內的各鄉鎮市公職候選人也將一起造勢。 民進黨籍屏東縣長候選人潘孟安明天沒有大型造勢活動，競選總部表示，潘孟安明天白天市場掃街，晚上仍是拜票行程。（編輯：陳清芳）1071119","地方"
"美乳品協會與高雄餐飲大學 推乳酪專家認證課程","2018/11/19 18:10","（中央社記者顧荃台北19日電）美國在台協會（AIT）今天表示，將正式在台灣推出「美國乳酪專家」認證課程，課程由美國乳品出口協會與國立高雄餐旅大學合作，預計於2019年推出。 AIT下午透過新聞稿表示，美國乳品出口協會與國立高雄餐旅大學簽訂合作備忘錄，以產學合作的方式，教育新一代食品業專業人員認識乳酪食材。 AIT指出，美國乳酪專家認證課程是針對食品服務業及零售業而設計的全球性訓練課程，包括三種漸近式的認證級別（初級、中級、高級）。參加者在完成全部三級課程後，將可獲得美國乳酪專家的頭銜，同時可將臂章縫在廚師服上。 AIT說，完成課程者還可入選全球美國乳酪專家社群與享有美國乳酪公會終身會員籍，並可以在職場上持續獲得美國乳酪產業的豐富資源。美國乳酪專家認證課程預計於2019年正式在台推出。 AIT農業貿易辦事處主任傅貴表示，美國乳酪專家認證課程的設立，肯定台灣市場在美國產業中的重要性。相信這個課程將對培育新世代的乳酪專業人員扮演舉足輕重的角色。很榮幸可以支持這項促進美國乳品產業及台灣食品產業合作的專業課程。（編輯：謝佳珍）1071119","生活"
"苗栗縣長選舉政見會  雙徐互批火力全開","2018/11/19 18:04","（中央社記者管瑞平苗栗縣19日電）第18屆苗栗縣長選舉候選人公辦電視政見發表會今天舉行第二場次，尋求連任的國民黨徐耀昌和無黨籍徐定禎在選戰最後階段，火力全開，要選民睜大雙眼，用選票決定苗栗未來。 這場公辦電視政見發表會上午9時起在苗栗信和、吉元有線電視第3頻道及YouTube直播，19至21日三天晚間7時重播。4名候選人有國民黨徐耀昌、無黨籍徐定禎、無黨籍黃玉燕3人出席，依抽籤結果依序分兩輪發表政見，一輪每人12分鐘。無黨籍朱泰平兩場次都缺席。 徐耀昌主打政績、政見牌，並批徐定禎宣稱讓頭份市公所從負債6千萬到結餘3億多元，但大部分結餘金額來自縣府協助出售舊頭份國中土地分配到的價金，要蓋頭份里民活動中心、中港溪要變宜蘭冬山河等政見都跳票，還有多項建設都是「割稻尾」當個人政績宣傳。 徐耀昌說他在縣府財政最困難下接任縣長，面對600多億元負債，四處奔走，爭取中央經費，運用人脈資源招商，努力開源節流，讓縣府創下18年來首度歲計賸餘，4年減債38億元，吸引225家企業投資苗栗設廠，台積電、力晶科技都將進駐，創造逾萬個就業機會。 徐定禎回應說他接任頭份鎮長時公所負債6000萬元，第一任滿結餘5000餘萬，第二任至今年5月結算結餘3億多，「結算報告做不了假」，活動中心沒蓋是考量土地低度利用太可惜，而重新設計發包，近期可望動工。 徐定禎又直指徐耀昌涉及的棄土案官司，拖了13年一審重判9年，上訴二審拖了5年至今未宣判，「官司懸在那裡，怎會有心於縣政？」、「若徐耀昌再連任，全國鄉親會如何看待苗栗？」盼選民冷靜想想。 第二輪發言「雙徐」更火力全開，互有攻防。徐耀昌質疑徐定禎拿不出具體政見。針對官司問題，徐耀昌指案件延宕已久，法官換了幾位，就是找不到他涉貪的事證、對價關係，他希望趕快還他清白並保證「徐耀昌絕對沒有貪污」，要把建設留給苗栗、名聲留給自己。 徐定禎第二輪發言重提兩人選舉恩怨，並批評苗栗縣近年在全國各項評比結果吊車尾，主因執政者不用心。他提出免費營養午餐等十大承諾，一定說到做到，做不到就下台，行政院長賴清德也允諾願全力協助苗栗。 苗栗縣長選舉唯一女性候選人黃玉燕兩階段發表政見皆不慍不火，詳述「創富苗栗十大經濟」理念，上任將整合資源，打造苗栗成國際級觀光、宗教旅遊勝地，規劃花卉園區、海洋生科園區等，爭取國際接單，擴大經濟規模，「苗栗負債雖多，在我看來很容易解決」。（編輯：翁翠萍）1071119","地方"
"選舉投票日逼近 嘉義市長3候選人衝刺","2018/11/19 18:03","（中央社記者江俊亮嘉義市19日電）選舉投票日逼近，國民黨嘉義市長候選人黃敏惠今天由前總統馬英九陪同拜票。民進黨嘉義市長候選人涂醒哲則由新竹市長林智堅陪同掃街拜票。 無黨籍市長候選人蕭淑麗則在市議會主持會議並提臨時動議「支持愛家三公投」，獲大會通過。 黃敏惠今天由前總統馬英九陪同，分別參拜佛光山圓福寺、朝天宮、玉皇宮、九華山地藏庵、文財殿等寺廟，並參加黃敏惠「未來嘉義市」形象影片發布記者會、參訪嘉義市脊髓損傷協會、嘉愛啟智發展中心等機構。 馬英九受訪表示，黃敏惠認真、有擔當，應該讓黃敏惠來帶領嘉義市。有關媒體提問國民黨主席吳敦義失言風波，是否會衝擊選情一事，馬英九認為吳敦義已經道歉，「國民黨全黨應團結、再團結，打贏這場選戰」。 黃敏惠下午在立委費鴻泰等人陪同下，前往嘉義市經國新城眷村催票。 涂醒哲今天則邀請新竹市長林智堅到嘉義市參訪，並一起登上吉普車掃街拜票。林智堅在嘉義火車站前廣場受訪表示，嘉義火車站在1933年完工，屬於市定古蹟；1913年完工的新竹火車站是國定古蹟；兩市火車站改造，都秉持「以人為本」原則，把空間還給行人，讓古蹟火車站風華再現。 林智堅參觀嘉義市願景館時，涂醒哲表示，嘉義市是一座醫療城市，而且是「老而健康，老而有用」的城市，在高齡友善評比上是全台灣第一名；新竹市是一座科技城市，未來雙方可以在健康醫療、人工智慧方面進行合作。 另外，蕭淑麗今天主持嘉義市議會第9屆第8次定期會第6次會議，在會中提出「支持愛家三公投」臨時動議，獲大會通過，同時籲請總統蔡英文、行政院長賴清德在公投日前夕站出來公開明確表態，以呼應國人的期望。 蕭淑麗表示，由下一代幸福聯盟所提的「愛家三公投」，強烈主張家庭是一夫一妻制，支持適齡教育，反對在年幼時進行同婚教育，她支持應以立專法的方式保障同婚，並對各種性別及不同意見都予以尊重。（編輯：陳俊碩）1071119","地方"
"陸女將跑馬拉松被硬塞五星旗 官媒：道德綁架","2018/11/19 18:03","（中央社台北19日電）中國長跑女將何引麗18日參加馬拉松賽時，最後階段硬被一名志工遞上五星旗未果，不但因此屈居亞軍，還被愛國網民指責。但央視評論認為，志工的舉動相當不專業，網民的指責更是道德綁架。 央視報導，18日在江蘇蘇州舉行的「2018蘇州太湖馬拉松」，女子組比賽到最後衝刺階段時，何引麗與另一名非洲選手正爭取最後奪冠。此時，一名志工卻突然闖入賽道，硬要把一面五星旗遞給何引麗。 根據報導，這面五星旗並沒有被何引麗接住而掉落在賽道上，但何引麗的步伐已被干擾，導致無法專心衝刺，最後屈居亞軍，引起議論。 由於何引麗沒有接住五星旗，有中國網民指責她「扔掉」了五星旗。一名自稱跑步愛好者的自媒體博主更質疑何引麗「成績比國旗更重要？」又說「既然接了國旗，就沒有任何理由和藉口扔掉」。這項指責，雖獲得一些網民附和，但被更多網民質疑。 受到不少壓力的何引麗為此回應說，五星旗「不是扔」，當時旗子「全部濕透，我的胳膊也僵了，擺臂的時候甩出去了」。 馬拉松主辦單位今天中午回應，這是志工「個人行為，原則上不允許其他人進入賽道」，但也「不應追究某個人的責任」。這一回應，也引起不少網民議論及質疑。 央視下午發表評論指出，志工將五星旗「硬塞」給何引麗的「行為相當不專業」、「更像是一種刷存在感的自私行為」。 評論直指，最後衝刺對馬拉松選手而言至關重要，「容不得半點干擾」，志工這一舉動顯然影響了何引麗的節奏，直接導致成績下降。如果希望選手披上五星旗顯示愛國，「完全可以在賽後再遞上」。 評論還說，上述網民對何引麗的指責「不僅站不住腳，而且有道德綁架之嫌」，「是不是所有馬拉松選手在參賽時都應該高舉國旗跑完全程，否則獲得的成績就應該作廢？」 這篇評論指出，「接了國旗就沒有任何理由和藉口扔掉」的指責，完全是「地地道道的站著說話不腰疼」。正如其他網民所說，有些電腦前的酸民「就算用國旗把自己包裹起來，也沒有為國家作出半點貢獻」。（編輯：邱國強/馮昭）1071119","運動"
"監理沙盒實驗第2案 外勞可在超商匯款給家人","2018/11/19 17:58","（中央社記者邱柏勝台北19日電）金融監理沙盒實驗第2案年底前出爐，金管會主委顧立雄說，現正研議開放非金融業經營跨境小額匯兌業務，外勞可透過超商通路將薪資匯往境外指定對象，有助強化外勞勞動自主權。 顧立雄今天出席107年度金融資訊系統年會暨成果發表會，會後接受媒體訪問時透露，目前有數家非金融業者申請進入沙盒實驗，主要是跨境小額匯兌業務。 顧立雄說，過去外勞常透過「西聯匯款」方式匯出薪資，不過洗錢防制規範日趨嚴格，西聯匯款有一些疑慮，但若將境外匯兌的匯款人限定為外勞，所產生的風險，也許會比不限對象的跨境匯兌來得低，因此金管會有意透過沙盒實驗，研議可行方案。 顧立雄表示，此次監理沙盒申請案的審議原則有三項，首先是「單一性」，境外匯兌業務服務對象僅限外勞；其次是小額、定額或定期性的薪資匯款，且收款人身份明確（例如匯款人的家人等），最後，則是希望藉此提高外勞的勞動自主權。 顧立雄說，外勞放假時間少，且他們的放假時間都是銀行休息時間，多數透過仲介公司做「整包式」的匯款，小額匯兌業務開放後，外勞可以透過超商通路自行做小額匯款，有助提高外勞的勞動自主權。 顧立雄表示，目前有3件這類型的申請案，都是非金融業者提出，金管會將會從風險可控性、以及提升外勞勞權的考量，進行有限業務的實驗。若實驗成功，並能確保資安及洗錢風險控管，就會進一步思考有限證照發放的可行性。 所謂西聯匯款，英文為「Western Union Quick Cash」，是透過美國西聯公司在世界各地與其他銀行合作的「即時網路匯款」服務，匯款人只要到與西聯匯款合作的銀行，填寫資料就能在一天之內將款項匯給海外的受款人，受款人在任何一家西聯合作銀行都能領取款項。 西聯匯款的特色是速度快、方便，而且不在銀行開戶也可以馬上領取現金，但也因其使用英文填寫，字母拼法差異可能捲入洗錢疑慮，台灣的銀行已陸續停做西聯匯款服務。（編輯：陸倩瑤）1071119","產經"
"友威深耕先進封裝  客製化真空電漿應用系統","2018/11/19 17:55","（中央社記者鍾榮峰台北19日電）設備廠友威科技布局半導體先進封裝製程設備，預期明年半導體應用比重大幅成長。法人預估，友威科技明年業績看增10%到15%，不排除有機會上看20%。 友威科技今天下午受邀參加元大證券舉辦法人說明會。 友威科技積極布局半導體領域，友威科技表示，封裝技術尺寸精度要求越來越高，預期乾式電漿設備才能符合先進封裝技術開發需求。友威布局客製化真空電漿應用系統，在金屬濺鍍與乾式電漿蝕刻系統開發，已有客戶實績。 在半導體先進封裝製程上，包括晶片內埋（Chip Embedded）或是散出型面板級封裝（FOPLP），友威科技推出連續式鈦銅種子層濺鍍系統、高效能孔洞蝕刻系統、高速介電材蝕刻設備、以及細線化趨勢下的窄線寬金屬蝕刻設備。 展望明年營運，友威科技預期，明年非蘋產品光學和汽車應用濺鍍設備可望成長，半導體濺鍍設備可大幅成長，濺鍍代工可望微幅增加，預期光學濺鍍設備占比約25%到35%，汽車占比約15%到25%，半導體占比大幅提升到20%到30%，代工占比約20%到25%。 法人預估友威科技明年業績成長幅度看10%到15%，不排除上看20%，友威設備切入美系大廠手機背面被蓋鍍膜，未來布局5G、光學、汽車以及半導體產業。 友威科技今年前3季稅後獲利新台幣1.1億元，每股稅後純益3.04元。今年前10月自結合併營收8.06億元，較去年同期減少20.7%。 從營收比重來看，今年第3季設備占比約82%，代工占比約18%。從產業應用來看，今年第3季光學占比約47%，汽車占比約15%，半導體占比約4%，代工占比約22%。 根據公開資訊觀測資料，鴻海集團子公司寶鑫國際投資，持有友威科技股權比重約11.46%，法人指出，寶鑫國際投資是友威科技第一大股東。 友威科技專攻真空濺鍍設備及鍍膜代工，提供真空濺鍍設備與半導體設備及鍍膜代工服務，包含光學鍍膜、高階SiP EMI鍍膜與晶片散熱鍍膜、乾式蝕刻等綠色環保製程。（編輯：蘇志宗）1071119","證券"
"新北都更數比北縣時期多 蘇辦：刻意誤導","2018/11/19 17:51","（中央社記者王鴻國新北19日電）新北市政府表示，自升格後8年內都更案完工29件，是過去包括蘇貞昌台北縣長任內13年完工數的3倍；蘇辦反駁以兩個不同住宅發展背景時期的案件數比較，朱市府是刻意誤導。 市府指出，位於捷運板橋江子翠站附近的危老都更第2案今天開工動土。新北市自升格後8年不到，受理都更案236件，完成程序62件，完工29件；包括蘇貞昌8年縣長任內，從87至99年的台北縣時期，13年內都更案共受理62件，完成程序25件，完工10件。 市府表示，新北市改制後都更完工數，就是過去13年台北縣時期的3倍，蘇貞昌近來在都更議題上，用盡話術誤導民眾，一昧否定市府推動都更的努力，實為選舉語言，與事實完全不符。 民進黨新北市長候選人蘇貞昌競選辦公室發言人黃韋鈞說，對於新北住宅及都市更新政策發展有概念的人，都會知道台北縣的住宅數量在民國65到80年大量完工，蘇貞昌擔任縣長時老屋數量遠遠少於目前。 他表示，以民國89年全國住宅普查統計，當時台北縣超過30年屋齡的住宅為9萬2千餘戶，與現在新北市的老屋數量67萬戶差距甚大。所以用兩個不同住宅發展背景時期的申請更新案件數來比較，朱市府是刻意誤導。 黃韋鈞指出，政府規範都市更新的第一部專法「都市更新條例」於87年底立法通過公布實施，專法配套的行政法令是88年的年中才陸續公布，至此，民間要參與都更才有專法可以依循申請。 黃韋鈞強調，朱市府的發言時空背景錯亂，政策知識不足，既然喜歡比較，就請以都更的申請、核定與完工占當時的老屋數量比例，才是合理比較，若是這3項來比較，蘇貞昌時代都比朱立倫更有效率。（編輯：張銘坤）1071119","政治"
"習近平訪汶萊  中汶建立戰略合作夥伴關係","2018/11/19 17:51","（中央社記者周慧盈北京19日電）新華社今天報導，中國國家主席習近平訪問汶萊期間，兩國元首決定建立戰略合作夥伴關係，並同意進一步深化經貿投資合作，以及重申相互尊重主權和領土完整，互不干涉內政。 習近平昨天開始對汶萊進行國是訪問，並與汶萊蘇丹哈山納包奇亞（Sultan Hassanal Bolkiah）舉行會談，兩國今天發表聯合聲明。 聲明共包括21項內容，包括將兩國關係由戰略合作關係提升為戰略合作夥伴關係。中方願進一步支持汶萊經濟可持續發展，汶萊將繼續支持並共同推進「一帶一路」合作。 聲明並表示，兩國元首同意進一步深化經貿投資合作，進一步推進「廣西－汶萊經濟走廊」建設；雙方對兩國能源合作取得的進展感到滿意，同意將繼續支持兩國有關企業在海上油氣資源領域展開合作。 此外，雙方歡迎中國和東南亞國家協會（ASEAN） 國家加強南海合作。雙方將與其他東協國家一道，全面有效落實「南海各方行為宣言」，推進「南海行為準則」磋商。 另據聲明，兩國元首重申，將相互尊重主權和領土完整，互不干涉內政。習近平「讚賞」汶萊長期堅持「一個中國」政策，「支持兩岸關係和平發展與中國和平統一大業」。 習近平日前出席在巴布亞紐幾內亞舉行的亞太經濟合作會議（APEC）領袖峰會後，於18至21日轉赴汶萊和菲律賓進行國是訪問。菲律賓是他這次為期一週出訪的最後一站。（編輯：張淑伶）1071119","國際"
"90度鞠躬10秒 美濃國小球員向徐生明致敬","2018/11/19 17:51","（中央社記者李晉緯高雄19日電）徐生明少棒賽的「地主」美濃國小，今天以7比15不敵中正國小無緣晉級，賽後全隊到外野列隊，對著印有徐生明照片的大型看板90度鞠躬並維持10秒，向已過世的徐生明致上最高敬意。 第6屆徐生明國際少棒錦標賽今天持續在高雄進行，「地主」高雄市美濃國小與傳統名校高雄市中正國小拉鋸到最後，才因為5上被對手吃下8分大局，以7比15吞敗，無緣持續晉級。 賽後只見美濃國小的小球員們各個面色凝重，一方面對自己「一局爆」的表現感到懊惱，但另一方面也展現風度，和可敬的對手致意。 除此之外，美濃國小的小選手，也列隊繞行球場，逐一向裁判、觀眾、工作人員、球場、和外野印有徐生明照片的大看板逐一鞠躬致意。 美濃國小總教練柯進明表示，這是球隊的傳統，也是教育的一部分，像他就告訴選手，因為球場是選手發揮的舞台，所以大家要心存感激，所以大家才會在賽後，90度鞠躬10秒鐘。 至於這次比賽後，美濃國小也對豎立在外野，印有徐生明照片的大看板鞠躬，柯進明說，「因為我告訴小朋友，是徐爺爺給我們這個環境，所以要有感恩的心」。（編輯：黃于）1071119","運動"
"看南二都選情 馬英九：步步為營防奧步","2018/11/19 17:49","（中央社記者楊思瑞台南19日電）前總統馬英九今天下午到台南市陪同國民黨台南市長候選人高思博進行車隊掃街拜票。他在接受訪問時表示，選前最後階段要步步為營，像高雄就曾發生兩次「奧步」事件，不能輕視。 高思博今天安排了一整天的車隊掃街行程，上午集中在安南區，下午4時至6時由馬英九陪同，從北區的安民里活動中心出發，再到安南區、永康區等地拜票。 馬英九在上車前接受媒體訪問時，被問到對於高雄及台南的選情看法。他說，到了最後階段要步步為營，像高雄曾發生過兩次「奧步」事件，不能掉以輕心，國民黨高雄市長候選人韓國瑜已經有心理準備。 馬英九表示，台南的選情則是要比最後的氣場誰比較強，今天到台南來就是想幫高思博打贏這場戰爭。 他說，人民在地方選舉中關心的不是統獨，而是地方議題、人民生活。韓國瑜不過以半年時間，就把民進黨長期統治的高雄翻轉過來，是因為用精準眼光發現問題，拿出選民聽得懂的政見。台灣選民是很理性的，只要拿出的東西像樣，不會有太強的意識型態。 高思博今天發表選前市政宣言，強調「高思博當巿長，要嚴守行政中立、當一個全台南市民的市長」。公務員不用選邊站，議員、里長、地方社團、企業也不用怕因為意見、黨派跟市長不合，就被市長或市政府封殺。（編輯：吳佳穎）1071119","地方"
"調查：前9月火災共2.1萬次 烹調釀禍逾一成","2018/11/19 18:31","（中央社記者潘姿羽台北19日電）火災事故令人怵目驚心，但多數其實與人為疏忽有關，主計總處最新國情統計通報顯示，今年1至9月火災事故達2.1萬次，遺留火種逾4679次最高，爐火烹調也有2729次。 主計總處引用內政部消防署統計指出，今年1至9月火災事故達2.1萬次，雖然較去年同期減少10%，但造成的死傷人數與去年同期相差無幾。 若進一步觀察今年1至9月火災事故的起火原因，以遺留火種占22.3%最多、其次依序為爐火烹調、電氣因素、敬神掃墓祭祖，4者合計占比達54%。 內政部消防署副署長謝景旭表示，一般家庭比較常發生的情況是爐火烹調引起事故，有時老人家在家煮飯，但電話來了，就會忘記爐火還開著，或是出門買菜忘了關火，以上情形都容易釀成事故，如果瓦斯周邊有易燃物品、油鍋起火，可能讓情勢更為嚴重。 觀察火災類別，前3大比例依序是森林田野、占比34.7%，建築物占比31.9%，以及車輛占4.9%，合計占逾7成，至於發生時段，則以中午12時至下午6時占43%最多。 國情統計通報也指出，今年1至9月因火災事故出動救災人員達42.9萬人次、15.2萬車次，救出人數1254人，但仍造成不少死傷以及財務毀損。 調查顯示，今年1至9月火災死傷人數分別達140人、215人，毀損房屋4114間、毀損車輛1477輛，財物總損失則達新台幣5.3億元。 謝景旭指出，許多火災事故發生原因是因人為疏忽，提醒大家平常還是要小心火燭，以免發生意外。（編輯：李信寬）1071119","社會"
"政見辯論 陳其邁：講清楚如何讓高雄轉型","2018/11/19 17:49","（中央社記者王淑芬高雄19日電）「雙雄對決 世紀首辯」2018高雄市長候選人辯論會今晚登場，民進黨高雄市長候選人陳其邁今天由立委趙天麟陪同搭乘高鐵北上，他表示，將會清楚表達如何讓高雄順利轉型。 三立電視台舉辦的2018高雄市長辯論會晚上8時在三立電視台舉行，將由國民黨高雄市長候選人韓國瑜及陳其邁對決，兩人申論後就進人交叉詰問，各有6個提問機會。 陳其邁下午由趙天麟陪同搭乘高鐵，他顯得精神奕奕，還說有睡飽吃好，不少乘客看到陳其邁現身，紛紛停下來為他加油，也有人喊凍蒜；陳其邁說他以平常心出席辯論會。 他表示，候選人本來就該務實面對高雄的問題，讓人民過好生活，尤其人口老人、少子化及產業結構、空污和農產品銷售等問題都要解決，看那個市長能提出好方法。 媒體關心辯論題庫100道題目將會聚焦在那裡，陳其邁說，都記在腦筋裡，他隨時在思索要解決高雄的問題；至於網路聲量不如韓國瑜，陳其邁說，公共政策的質量比聲量還重要，很好奇對手今天要講什麼，他則會清楚表達如何讓高雄轉型。（編輯：陳清芳）1071119","政治"
"單親媽媽的一封信 林智堅看完直呼感動","2018/11/19 17:42","（中央社記者魯鋼駿新竹市19日電）爭取連任的民進黨新竹市長林智堅，日前在掃街拜票時，收到一名帶著孩子的單親媽媽送上手作信，內容提到她是單親媽媽，認為住在新竹市很幸福，讓林智堅直呼感動。 林智堅競選總部今天發新聞稿指出，每天晚上都會直播，一邊吃宵夜一邊與網友分享所見所聞，還因為吃橘子意外掀起的「橘子」風潮，讓林智堅在掃街拜票時，總收到不少支持者送橘子，甚至在橘子上寫下祝福、打氣等語。 競選團隊指出，日前林智堅在拜票的趕場途中，突然有位媽媽帶著小朋友遞上一封手作信，內容寫道「我是一個單獨撫養2個小孩的媽媽，但我一直不感到孤單，因為我住新竹，我住在幸福城市，我們的市長是林智堅。」讓林智堅相當感動。 「我會繼續努力打造適合孩子成長的兒童城市。」林智堅表示，從這位媽媽信中內容可知，他過去4年的努力已被市民肯定，內心相當感動，直呼「眼淚都快要掉下來」。 林智堅說，很感謝新竹市的爸媽長期對新竹市教育的支持，這幾年他感受到老師、校長、家長會在教育上用心，市府團隊在教育上也投入許多經費，佔總預算近4成，不僅推行新校園運動，還要幫國中小教室裝冷氣，「希望所有家長放心，孩子交給他，他與市府團隊會全力照顧。」（編輯：陳清芳）1071119","地方"
"微風新館加超市拓版圖 明年總營收拚300億","2018/11/19 17:42","（中央社記者朱則瑋台北19日電）微風集團執行常董岡一郎表示，除了南京館週年慶將在22日登場，也開設新的微風超市，加上年底將開幕的微風南山，力拚明年百貨總營收目標達新台幣300億元。 微風集團在台灣有微風廣場、微風南京、微風信義、微風松高等分館，而位在信義區的微風南山店預計12月開幕。隨著各館週年慶進入尾聲，緊接著微風南京週年慶將在22日登場，推出全館滿3000送300等優惠，週年慶業績目標為2.5億元。 業者表示，除了透過週年慶帶動業績，也將在南京館及未來的南山館開設微風超市，布局台灣零售市場；以微風超市南京店來說，將主打年輕、女性上班族客群，透過現做熟食等商品吸引消費者目光。 業者指出，微風超市在微風廣場店面一年營收約6億元，微風超市南京店年營收訂出2億元目標，微風超市南山店則為6.5億元，他們對於民眾消費潛力有信心，相信一定能順利達標。 岡一郎也宣示，微風各分館總年營收目標220億元，明年在微風南山及新的微風超市帶動下，整體營收將力拚300億元大關。（編輯：張均懋）1071119","產經"
"路透：應對貿易戰  中國擬提新一波開放政策","2018/11/19 17:40","（中央社記者翟思嘉上海19日電）中美貿易戰經過幾輪談判與溝通，看不出新的發展，外電引述中方政府人士稱，北京正醞釀「按自己的節奏」，於年底推出新一波擴大開放舉措與政策。 路透引述一位中國政府人士表示，中美雙方一直保持一定層面的接觸與溝通，雖然兩國元首的通話進一步催化更高級別的談判，但據前幾次談判經過及雙方的訴求來看，這場貿易戰停火還需要時間，即便雙方短期內達成協議，也需要時間落實。 這名人士指出，中方對於中美能否如外界期盼的出現轉機、甚至達成協議握手言和，仍然抱持謹慎態度。中方認為無論談判結果如何，中國政府都要按照自己的節奏、選擇最適合自己的方式，將自身實力優勢發揮到最佳狀態。 這名人士透露，中央高層可能會在12月18日官方舉行的紀念改革開放40週年大會期間，宣布中國更大力度的新一輪擴大開放舉措，包括覆蓋範圍更廣地降低關稅等。 另一位部委官員也指出，多個經濟職能相關部委參與制訂的政策措施，將在年底陸續釋放，既為應對中美貿易摩擦帶來的負面影響，更是當下「穩增長」政策的重要舉措之一。 他表示，穩經濟和擴大開放是相輔相成的。中國應對中國經濟成長趨緩，各類政策工具很快將陸續釋放，也希望改變現今市場上對中國經濟的悲觀情緒。 日前，也曾傳出中國將於明年初接受國外保險公司控股中外合資公司的申請，甚至考慮早於之前計劃時間開放外資持股比例不再設限。但官方沒有對此做出回應。（編輯：張淑伶）1071119","兩岸"
"遭控砂石縣長 林姿妙：對手抹黑將請律師提告","2018/11/19 17:39","（中央社記者沈如峰宜蘭縣19日電）民進黨宜蘭縣長候選人陳歐珀陣營今天指控，國民黨候選人林姿妙子女投資的事業破壞山林、開採砂石，並強調若他們有抹黑願退出選舉，但若破壞山林是事實，就請林姿妙退選。 林姿妙回擊，反控陳歐珀自己一手收取政治獻金、一手打壓合法業者，並強調陳歐珀陣營近來散發不實抹黑她的文宣，意圖使人不當選，將請律師提告。 宜蘭綠營近來多次指控，林姿妙子女投資的益興礦業破壞蘇澳白米溪上游的山林，沒有做好水土保持。林姿妙陣營多次強調礦場是合法經營，反控綠營根本是故意抹黑。 陳歐珀陣營今天再度反擊，宜蘭五合一選對會召集人林進財出示文宣，指控林姿妙家族除與益興礦業有關外，還另投資開發建設公司、開挖砂石。 林進財強調，今天所說的都是事實，並代表陳歐珀向林姿妙叫陣，若有任何抹黑、不實指控的話，他們就退出這場選舉；如果林姿妙有這些行為也希望她退選，並呼籲宜蘭縣民不要選出「砂石縣長」。 林姿妙下午親上火線，反控陳歐珀過去以來若要抹黑她的話，都透過幕僚放話，他自己不敢出面，這是不負責任作法。此外，她的子女沒開採砂石，選舉請對手衝著她來，不要胡亂指控。 林姿妙競選總部表示，宜蘭綠營近來散發文宣，汙衊指控林姿妙家族涉及土地開發與土石開發，意圖影響視聽、使人不當選，總部將委請律師對散發不實文宣及開記者會等人提出告訴。（編輯：張銘坤）1071119","地方"
"吳介民：香港無需悲觀  反對運動短空長多","2018/11/19 17:37","（中央社記者張淑伶台北19日電）2014年香港「占領中環」案今天開審。學者吳介民認為，當前香港反對運動或勢力受到打壓，但無須太過悲觀，這些運動發展「短空長多」，只要公民社會元氣還在，長期仍有希望。 2014年台灣與香港都出現大型抗爭運動，分別是3月的太陽花學運和9月起的「占中」運動。這兩者都與中國有關，也都以「公民不服從」（香港稱「公民抗命」）作為運動正義性的訴求。 但從運動者的角度來看，太陽花學運達成目的，擋下了當時正要簽訂的海峽兩岸服務貿易協議，多數參與者被判無罪；占中則面臨挫敗，有關香港人民普選行政長官的訴求沒有獲得中國正面回應，活動發起人和主要領袖面臨起訴或已判刑。 中央研究院社會學研究所副研究員吳介民接受中央社訪問時表示，這兩個運動的命運不同，反映出台港的政治氛圍、國家社會關係以及自我保護能力不同。 他分析，香港主權移交中國的這21年來，官方不斷朝北京意向作出行政裁決。像是取消不同政見者的議員參選人資格、主張港獨的香港民族黨被禁、本土派人士梁天琦罕見被以暴動罪判刑、香港加速與大陸的經濟和制度整合等。 他認為，香港特首權力不斷被縮減，中國政府對香港的控制更加赤裸、直接。 反觀同樣處在中國因素影響下的台灣，吳介民說，台灣已是「事實主權國家」，已經鞏固民主選舉制度，台灣社會也有很強的自我保護能力，這些因素都會影響政治和社會氛圍。 包括占中在內，部分香港民間運動及政治勢力正遭受中國打壓。吳介民卻認為無需太過悲觀，只要香港維持住目前基本的公民社會元氣，還有繼續動員的力量，他認為香港反對運動是「短空長多」，長期來看仍有希望，尤其國際上仍有許多人在關注香港。 他認為，當前無論是美中之間的矛盾、澳洲對中國的防禦等，都顯示全球地緣政治局勢對中國並不利，這是反對運動長期看好的背景；但中國因此也會加大對境內和台灣、香港的打壓，在這種情況下，「港台更要挺住」。 香港占中案今天開審，發起人「占中三子」在內的9人被當局依「串謀公眾妨擾」、「煽惑公眾妨擾」及「煽惑他人煽惑公眾妨擾」等罪名起訴，最高刑罰為監禁7年。9人全都否認控罪。這起審訊預料需要審訊一個月，期間需要傳喚大批證人。（編輯：邱國強）1071119","兩岸"
"加州史上死傷最慘重野火 持續搜索993失蹤者","2018/11/19 18:01","（中央社加州天堂鎮18日綜合外電報導）有關當局今天仔細搜索遭加州史上最致命野火焚燒殆盡的城鎮廢墟，尋找993名失蹤者的任何蹤跡，這場坎普野火（Camp Fire）肆虐山城天堂鎮，至少奪走77條人命。 標特郡（Butte）警長辦公室在聲明中表示，據信失蹤人數於今天晚間從原本1276人，下降283人至993人，但沒有透露其他細節。 有關官員今天晚間表示，目前尋獲77名罹難者遺體。這場8日引發的大火現已控制65%，高於今天稍早的60%。 這個地區本週預計將出現雨勢，可能有助於滅火，但會增加洪水和土石流的風險，這將使接獲疏散命令的4.6萬人更加痛苦。 許多火災災民暫居親友家中，其他人則搭起帳篷或露宿車內。 在天堂鎮，烈火焚燒速度快到許多罹難者在混亂逃難過程中命喪車內。疏散過程中，兩條逃出城的道路出現嚴重壅塞。 標特郡警局表示，失蹤人員名單是根據火災引發混亂後的第一時間，從特殊熱線、電子郵件及緊急號碼911收到的訊息彙編。 有關部門表示，部分名列失蹤名單者可能倖免於難，但尚未通知家人或官員，原因可能是他們缺乏電信服務或沒意識到有人在尋找他們。 除了人員傷亡外，烈火也導致加州史上最慘重財產損失，而在至少1萬3600棟房屋等建築遭燒毀後，還面臨為數以千計流離失所災民提供長期避難處所的挑戰。（譯者：侯文婷/核稿：劉學源）1071119","國際"
"坪林品茗包種逍遙遊 老製茶師傳藝飄花香","2018/11/19 17:32","（中央社記者黃旭昇新北19日電）新北冬茶上市，冠軍製茶師今天傳授挑選好茶的撇步。市長朱立倫表示，新北市已連續8屆奪下全國製茶技術競賽條型組冠軍，顯示新北好茶品質穩定、製茶技術純熟，值得消費者信賴。 新北市坪林區第四代茶農、新科冠軍製茶師曾添祥今天展示包種茶的製法，說明如何挑選好的包種茶。他說，品質好的包種茶除外觀呈特色「條索狀」，一心二葉是最上等的，還有手輕握微感刺手、輕捏會碎、茶梗少、葉片形狀、色澤均勻，都是挑選的撇步。 坪林國小的小茶師今天也向朱立倫示範沖泡包種茶及品茗技巧。專業小茶師展現茶藝精神，沖泡冠軍茶葉。注重香氣的包種，茶湯顏色蜜綠具花香味，香氣愈濃郁品質愈高級，與其他產區的茶葉明顯區隔。 朱立倫說，新北老茶師們不藏私、讓茶技代代相傳，年輕人得到老師傅真功夫傳授，新北的好茶連續奪得8屆「全國部分發酵茶製茶技術競賽」條形包種組冠軍。擁有「北包種、南烏龍」的美名，世代相傳製茶技術的坪林被譽為文山包種茶的故鄉。 朱立倫表示，新北茶區遍布坪林、新店、深坑、石碇等地，奪冠軍是種榮耀，但連奪8次真的讓人欽佩，這也顯示新北好茶品質穩定、製茶技術純熟，「新北好茶」不只是品牌、也是對消費者的品質信賴保證。 農業局表示，新北市茶葉生產面積750公頃，年產量400噸，產值約新台幣11億元，不僅是文山包種茶發源地，也是最大包種茶產區，產量、品質、技術，都是全國之冠。 市府農業局表示12月1日、2日、8日、9日連續兩個周末，在坪林茶業博物館旁展售，同時推出限量紀念茶盒，市府邀請民眾遊茶園欣賞山水美景、品茶香、吃香魚搭配韓國泡菜的在地茶餐料理，也可親身體驗茶農的辛勞。（編輯：張銘坤）1071119","地方"
"彰化縣長選舉 黃文玲召開記者會批藍綠","2018/11/19 17:31","（中央社記者吳哲豪彰化19日電）無黨籍彰化縣長候選人黃文玲今天開記者會，先批評國民黨縣長候選人王惠美如果選情穩定，為何不辭掉立委職務，緊接著又批評民進黨縣長候選人魏明谷用行政資源印製競選文宣。 王惠美陣營未正面回應是否要辭立委，只說選舉剩下最後5天，王惠美會一邊打選戰，一邊問政，以不負選民所託。彰化縣政府則指出，縣府印製文宣都依法辦理。 無黨籍彰化縣長候選人黃文玲今天下午在競選總部召開記者會，批評中國國民黨提名的縣長候選人王惠美以及民主進步黨提名的縣長候選人魏明谷。 黃文玲說，台灣的政黨政治已經變成幫派政治，而立委姚文智為了拼台北市長選舉宣布辭去立委職務，她要請問王惠美如果縣長選情穩定領先，為何不辭去立委職務，不辭立委代表沒有要為縣民服務的決心。 黃文玲另批評，民進黨籍彰化縣長候選人魏明谷動用縣府公家資源，印製文宣宣傳個人選舉，縣府違反行政中立，為自己宣傳，令人不齒。 王惠美陣營回應說，她相信彰化鄉親是有智慧的，眼睛是雪亮的，改造彰化，翻轉命運是彰化鄉親最大的共識。 彰化縣政府新聞處長李俊德則說，縣府的每份文宣都依法處理，絕對不會違反行政中立的原則。（編輯：陳俊碩）1071119","地方"
"碳九事故案外案  女記者遭警員闖房搜查","2018/11/19 17:28","（中央社記者翟思嘉上海19日電）中國大陸碳九洩漏事故還沒結束，又衍生案外案。一名女記者日前前往當地採訪遭官方刁難，晚間住進飯店後，又遇上警方沒有正當理由強行入房搜查。 福建省泉州4日凌晨發生石油化學品洩漏事故，東港石油化工公司在執行工業用裂解碳九裝船過程中，發生洩漏，共達6.97噸，造成多人就醫。事件發生後官方態度遮掩，在輿情發酵下才開始更新事件通報。 財新周刊今天刊發記者周辰「泉州酒店驚魂記」一文。文中講述她11日在福建泉州採訪碳九洩漏事故時，遭遇當地官方刁難與威脅。 周辰文中表示，採訪過程中她先是被腰掛執法記錄儀的人員跟蹤，當晚又有泉港區宣傳部的官員邀請她到其所住的酒店樓下與宣傳部長見面，被她委婉拒絕。 之後，由於「撰寫的稿件已經發表，我以為任務已經完成，便早早睡下」。但當晚11時，周辰突然聽到房門被房卡刷開，4名穿著警察制服的男子進入房內，自稱是派出所的，勒令她拿出身份證查驗。 隨後一名光頭警察又讓身旁的兩個協警，搜查浴室和窗台，看是否有其他人員藏身，儼然「抓嫖」。檢查期間未出示任何證件和證明文件。 在警察離開後，周辰接到酒店打來的致歉電話，酒店透露那些警察直接命令櫃台把周辰房間的房卡給他們，並沒有例行檢查更多的房間。 新京報報導，周辰本人並不願接受採訪，但她今天中午發布微信朋友圈稱，因報導碳九事件被警方騷擾事件，她全程都有錄音錄影。 當晚進周辰房間搜查的民警出自泉州市公安局泉港分局山腰派出所，報導引述該派出所人員表示，目前領導已去北京說明情況，其他情況暫不清楚。1071119","兩岸"
"康控-KY估第4季優於第3季 明年維持20%成長","2018/11/19 17:26","（中央社記者韓婷婷台北19日電）康控-KY今天舉行法說會，針對第4季展望，康控初估單季營收在新台幣18億至22億元間，維持上次法說看法相當，展望明年受惠製程優化及新增產品品項，營運成長上看20%。 康控-KY董事長呂朝勝表示，康控持續透過模具、製程技術等優勢開發新產品，每年維持20%的成長目標不變，同時藉由增加自動化比例及拉高製程優化良率，推升獲利表現，對康控-KY未來5年營運成長動能維寺樂觀態度。 針對市場高度關注的美系客戶砍單傳聞，康控-KY會計經理戴暐倫於法說會中並未直接否認，但也透露雖然iPhone XR訂單有下修，不過其去化舊機型同時重啟量產，整體第4季審慎看待，目前還在與客戶討論今年12月及明年第一季的訂單，12月考量感恩節及耶誕節需求還未做最後確認。 戴暐倫表示，目前看來預估10月及11月將是今年營收高峰，12月會較11月下滑；第4季預估整個情況還是比第3季好一點，10月獲利表現目前看來也沒有比9月差。第4季整體營收看來還是維持上次法說預估的18至22億元間水準不變。 康控-KY表示，除了聲學元件外，明年包含車用、光學及外觀件產品都將見到持續成長，車用產品今年第4季營收占比期望能拉高到5%至10%間，明年包括新能源車應用及攝影鏡頭相關外殼還有連接器等都準備進入量產。（編輯：李信寬）1071119","證券"
"香港貧窮人口達137.7萬 創9年新高","2018/11/19 17:25","（中央社記者張謙香港19日電）香港當局今天發表報告指出，去年香港貧窮人口有137.7萬人，創2009年以來新高；貧窮比重占總人口的20.1%。 但政府在其公布的2017年貧窮情況報告中指出，如果計算政府給予貧窮人口各種緩助比如綜合援助金、老人津貼等，貧窮人口則減至101萬人，比重為14.7%。 如果再算上公屋等非現金福利，貧窮人口則再減至72萬人，比重10.5%。 報告指出，香港貧窮人口增加的主因是人口高齡化等結構因素。預料隨著人口高齡化進入高峰期，貧窮數據將面對更大上升壓力。 香港當局一向從多個角度衡量貧窮問題。例如「僅足生活」的絕對貧窮概念，以及相對貧窮概念，即不能享有社會上一般人的慣常生活方式等。（編輯：邱國強）1071119","兩岸"
"日產董事長涉薪資申報不實 檢方偵辦","2018/11/19 17:57","（中央社記者楊明珠東京19日專電）日本的汽車製造商日產汽車公司（Nissan Motor Co.）董事長戈恩涉嫌曾少報自己薪資，東京地檢特搜部今天傍晚認為他涉嫌違法，要求他配合調查。 日本朝日新聞報導，64歲的戈恩（Carlos Ghosn）涉嫌曾少報自己的薪資，今天傍晚東京地檢特搜部認為涉嫌違反金融商品交易法，以有價證券報告記載造假為由，要求他配合調查。 報導說，戈恩接受調查後，如果涉嫌違法的行為屬實，可能遭到逮捕。他少申報的金額可能達上億日圓。 日本經濟新聞報導，根據日產、雷諾、三菱汽車公司3家公司的有價證券報告書等文件顯示，戈恩2017年度從日產獲得7億3500萬日圓（約新台幣2億元）、從三菱汽車拿到2億2700萬日圓、從雷諾拿到740萬歐元（約新台幣2億6400萬元）的主管薪資與報酬。 戈恩在日產陷入經營危機時，由法國汽車公司雷諾公司派到日產，1999年擔任日產的營運長（COO）、2000年就任為日產的社長，2001年6月起擔任社長兼執行長（CEO），推動日產的重建。 2005年戈恩也擔任雷諾的社長。2016年三菱汽車公司發生燃油數據造假問題，日產成為三菱汽車最大股東，由戈恩主導形成雷諾、日產、三菱汽車聯盟，他於2016年12月就任為三菱汽車董事長。（編輯：陳惠珍）1071119","產經"
"中菲走得近  傳北京投巨資改造前美軍事基地","2018/11/19 17:23","（中央社記者周慧盈北京19日電）中國國家主席習近平正式訪問菲律賓之際，外媒引述菲國官員報導，陸企葛洲壩集團將投資20億美元，在前美國克拉克空軍基地打造工業園區。 習近平日前出席在巴布亞紐幾內亞舉行的亞太經濟合作會議（APEC）領袖峰會後，於18至21日轉赴汶萊和菲律賓進行國是訪問。中國外交部表示，習近平訪問期間將與菲國總統杜特蒂（Rodrigo Duterte）會談，雙方擬發表聯合聲明。 英國金融時報（FT）中文網今天報導，杜特蒂日益「棄美親中」，目前為止最明顯的跡象之一就是陸企葛洲壩集團將投資20億美元在克拉克空軍基地（Clark Air Base）打造一個工業園區。克拉克空軍基地曾是美國駐菲律賓軍事基地。 金融時報表示，這個正在規畫的新項目將成為中國在菲國規模最大的其中一項投資，也是杜特蒂旨在振興菲律賓基礎設施「建設、建設再建設」（Build Build Build）計畫的最大項目之一。 報導說，葛洲壩集團一名高層主管證實公司已經「確定了投資意向和框架」，但表示正在等待菲方的正式回應。 這名高層說，「借助此次高級別官方訪問，我們希望推進與菲律賓基地轉換與發展管理局的合作」，「但目前此事仍然處於商業機密階段，具體訊息須由上市公司宣布。」 據報導，葛洲壩集團並非第一家近月來在菲律賓有大動作的公司。中國電信與Udenna Corporation組建的財團，已成為菲律賓第3家電信營運商牌照的臨時得標方。 Udenna Corporation是一家綜合性企業，老闆是來自杜特蒂家鄉納卯市（Davao）的商人黃書賢（Dennis Uy）。杜特蒂自2016年上任以來推動與中國建立更友好的關係，以求減少菲律賓長期以來對美國的依賴。他在同年訪問中國期間，與北京針對總值150億美元的鐵路、港口和其他基礎建設計畫達成協議。 菲律賓大學（University of the Philippines）海洋事務與海洋法研究所（Institute for Maritime Affairs and Law of the Sea）所長巴童巴卡（Jay Batongbacal）對金融時報表示，這些協議將使天平向北京傾斜。 他指出，這些協議讓中國對菲律賓擁有巨大經濟和政治影響力。如此一來，未來任何一屆菲國政府都難以在不受中國影響的情況下，做出完全獨立的決定。 另據大陸官媒中央電視台報導，習近平今天在菲律賓多家報紙發表「共同開闢中菲關係新未來」署名文章表示，杜特蒂上任後，「中菲關係又見彩虹」。 文章說，習近平這次訪菲的主要目的就是與杜特蒂就新形勢下提升中菲全方位合作深入交換意見，作出全面部署，推動中菲關係在高水平上得到更大發展。（編輯：馮昭）1071119","國際"
"日本高校來訪桃園  原住民歌舞迎賓","2018/11/19 17:51","（中央社記者吳睿騏桃園19日電）日本大阪府立箕面東高等學校今天來訪桃園市光啟高中，校方除了以原住民歌舞迎賓，更規劃了台灣小吃以及童玩等課程，希望以傳統文化為橋梁，帶動台灣與日本學校間的交流互動。 光啟高中校長陳成業受訪表示，隨著台灣與國際交流的日益密切，如何提升學生多元文化意識及擴大國際視野，就成為各校需重視的議題，校方今天特別與來自日本大阪府立箕面東高等學校的200多位師生進行交流，也希望透過文化學習，開啟兩校未來合作契機。 學生李羽晴表示，為了讓來訪師生也能認識台灣文化的魅力，校方一開始就透過原住民舞蹈社的演出，緊緊捉住師生的目光。而日本學生也以歌唱手舞表演來展現日本特有文化，隨後的交流課程，則讓日本師生分組學習製作中式料理、點心，調製手搖飲料及體驗台灣童玩等，以美食與文化為橋梁，讓日本師生更貼近台灣生活。 日本大阪府立箕面東高等學校師長代表國守正二表示，雖然只有短短半天的相處，但透過校方的交流課程，不但品嚐到美食，過程中更締結友誼，期待光啟高中師生有機會到日本的大阪回訪，了解日本教育的特色，也深化雙方的交流與聯繫。（編輯：張銘坤）1071119","地方"
"訪前澎湖縣長高植澎  陳光復政績獲肯定","2018/11/19 18:16","（中央社澎湖縣19日電）民進黨澎湖縣長候選人陳光復，今天拜訪民進黨籍首位澎湖縣長高植澎，高植澎肯定陳光復任內做好路平和社會福利等工作，未來連任後，也要參考其他候選人的好政見。 民進黨澎湖縣長候選人陳光復今天參加馬公鎖港里長者共餐活動，由競選總部人員陪同訪問在鎖港執業的醫師高植澎，高植澎肯定陳光復任內，將縣內的道路舖面改善加蓋，招商與社會福利做的很好，施政以人民為主，幫人民解決問題，期盼連任後，也要參考其他候選人的好政見。 陳光復在鎖港與老人共餐時，除了與長者一起用餐外，希望明年1月起，減少送餐盒便當，多讓社區長者共餐，增加互動機會。 高植澎是民進黨籍第一位澎湖縣長與議員，82年澎湖縣長補選，他擊敗國民黨籍鄭永發而當選縣長，是全國率先各縣市發放老人年金的縣長，卻因任內廠商捐贈5000元尾牙獎金，當時被依貪污罪法辦而停職，最終無罪定讞，後來參選議員，也是民進黨首位民代。（編輯：陳俊碩）1071119","地方"
"陽岱鋼談本季坦言辛苦 要靠雙手奪回先發","2018/11/19 17:41","（中央社記者謝靜雯台北19日電）旅日讀賣巨人隊野手陽岱鋼，近年因傷影響出賽，連2季出賽不到90場，今年雖然達成生涯百轟，但談起今年球季，陽岱鋼沉默許久後表示：「很辛苦」，也直言要靠自己雙手拿回先發位置。 陽岱鋼近年因傷影響出賽，今年4月與中日龍隊比賽遭觸身球打中、左手骨折，休息了1個半月才又重回一軍，球季後半段先發機會被壓縮，整季僅出賽87場，敲出10發全壘打、67支安打。 回顧今年球季，陽岱鋼沉默了許久後表示，「今年真的很辛苦」，今年球季春訓、熱身賽狀況保持的不錯，所做的準備沒有少，被觸身球打到當下，以為聽到的是球打到棒子的聲音，後來才發現打到手，檢查後手部骨折，「當然會沮喪，但只能接受」。 陽岱鋼直言，對棒球員而言，受傷是家常便飯，「碰到了，就要面對，學會接受現實， 保持好的心情，好在家人一直都在身邊陪伴」。 因傷影響出賽，季末先發位置也受到影響，陽岱鋼直言，有年輕球員頂上對球隊是好事，也可以激勵自己明年把身體養得更好，季後也會安排自主訓練、備戰新球季，「先發位置是從手中丟掉的，就要靠自己的雙手拿回來」。 總結今年球季表現，陽岱鋼點出，對日本球員來說，為自己打分數「就代表離退休很近了」，所以不給自己打分數，在場上就是要去享受，棒球人生有很多不同的階段，未來還有很長的一段路要走。（編輯：黃于）1071119","運動"
"饒慶鈴批普悠瑪事故 劉櫂豪:別拿這炒作","2018/11/19 17:31","（中央社記者盧太城台東縣19日電）普悠瑪事故將滿一個月，台東縣長候選人饒慶鈴指，至今未得到政府回應；對手劉櫂豪則表示，目前事件調查已進入「收斂」階段，饒慶鈴所言不實，籲別拿台東鄉親的痛炒作。 選舉進入倒數，國民黨台東縣長候選人饒慶鈴今天上午在車隊掃街前表示，普悠瑪事故發生將近一個月，但受傷和罹難家屬到現在尚未等到中央確切的回應，她會繼續追求真相大白。 民進黨台東縣長候選人劉櫂豪表示，普悠瑪事故是每個人都不願意看見的，而在事件發生後，他立即積極協助與陪伴家屬，並督促交通部應儘速釐清事故真相，日前日商公司承認疏忽問題，他也隨即在立法院召開記者會，要求交通部儘速查明。 日前政院政務委員、普悠瑪事故調查小組召集人吳澤成也表示，目前調查已進入能展開原因歸納、發掘問題、提出對策的收斂階段，事實並非如同饒慶鈴所說的。 劉櫂豪表示，相信台東鄉親要的是真相與安全回家的路。安全不應該被作為選舉考量，如果選在選前報告，恐怕又淪為互噴口水，無法理性討論，黨團大會已定27日讓行政院長賴清德報告。 劉櫂豪表示，普悠瑪事故是大家都不願意發生的事故，所以更要理性討論，如此才能夠還給台東鄉親一個真相，也才能真正還給台東民眾安全回家的路。呼籲對手，不要在這時候選擇用台東鄉親的痛來炒作選舉，避免造成鄉親的二次創傷。（編輯：吳佳穎）1071119","地方"
"台泥：陸擴大基建又調降能源及煤價 有利水泥業","2018/11/19 17:10","（中央社記者韋樞台北19日電）台泥公司總經理李鐘培說，美中貿易戰談判露出曙光，因為美國開始擔心物價高漲、通膨再起，中國則重施2008年金融危機時擴大基礎建設及降低能源和煤價政策，這些均有利水泥業發展。 台泥集團旗下3大公司今天舉行法說會，李鐘培在會中對美中貿易戰發展露出曙光表示樂觀，並認為擴大基礎建設有利水泥業發展。 李鐘培表示，美中貿易戰是未來3年全球經濟最大事，美中之間貿易逆差多達3700億美元；美國從今年6月15日起陸續對許多自中國進口的商品課高關稅，明年元旦可能全面對自中國進口的商品課徵25%的關稅；另外美國期中選舉之後兩大黨都支持對中國貿易採取更強硬的立場，因此目前很難評估對中國出口影響多大，但9月17日至今中國大陸對此相當安靜，採取冷處理原則。 李鐘培指出，近日美中貿易戰的氣氛出現微妙變化，主要關鍵在於貿易戰有無影響人民的生活。例如最初對500億美元中國大陸商品增加關稅，短期無助改善貿易赤字，且美國也不易找到替代品，因此物價升高，生活費用變貴，美國聯準會（Fed）也升息，明年估計還有4次升息。 李鐘培說，在這些對民生的衝擊下，美國總統川普最怕的就是政府21兆美元負債的利息支出，且企業抵押貸款成本上升，中小企業借款困難，但估計Fed明年會再升息，讓川普擔心的事情不斷惡化。 李鐘培說，凡是和通膨有關的事情，都是美國施政上最重要的事，因此美中貿易談判露出曙光，希望能化解不斷惡化的國內經濟。 對中國大陸來說，面對美中貿易戰和國際間經濟成長趨緩，李鐘培發現，中國大陸政府重施化解2008年金融危機的招數，包括降息、寬鬆銀根刺激經濟，以及擴大各項基礎建設，甚至為了提高出口競爭力，能源和煤的價格都在下跌。 他強調，中國大陸政府擴大各項基礎建設來刺激經濟成長，並下調能源和煤炭價格，對煤炭價格占製造成本4成的水泥業來說非常有利；同時再加上台泥所有環保措施標準做得比中國大陸政府要求更嚴格，估計未來因環保因素被要求停工的機率大大降低，更有利營運。（編輯：李信寬）1071119","產經"
"宏碁搶AIoT商機 施振榮：台灣扮關鍵推手","2018/11/19 17:09","（中央社記者江明晏台北19日電）宏碁瞄準AIoT商機，推出aiSage人工智慧邊緣運算裝置搶市，宏碁榮譽董事長施振榮盼能在醫療、零售、自駕車等領域普及運用，同時看好全球快速進入AI時代，台灣可以扮演關鍵角色。 人工智慧（AI）與物聯網（IoT）快速匯流的 AIoT（AI + IoT）世代來臨，宏碁自建雲智慧產品事業看好運算技術將逐漸從雲端運算轉向邊緣運算，AIoT也將驅動各式智慧裝置應用的發展，推出實時智慧、軟硬整合的aiSage人工智慧邊緣運算裝置，為企業提供更多貼近終端的客製化解決方案。 宏碁公司榮譽董事長暨自建雲首席建構師施振榮指出，這樣的工具，雖然不會像個人電腦出貨量那麼大，但也希望全球包括醫療、零售、自駕車等領域，都能普及運用，關鍵將是生態與價值鏈的發揮，宏碁提供台灣最擅長的硬體，以及好的軟體與雲端平台，讓全球快速進入AI時代。 他表示，台灣過去比較缺的是AI及雲端方面的連線平台，宏碁多年建構基礎，提供台灣創新能量與產業基礎共襄盛舉，希望AIoT的普及化就像電腦，而台灣可以扮演關鍵角色。 宏碁公司自建雲智慧產品事業總經理施宣輝表示，aiSage簡單說就是有運算能力的照相機，整合聯網後，讓推廣機器視覺更快，目前aiSage已與零售、長照、建築以及資安等垂直應用領域展開合作，並積極結盟各式AI解決方案供應商。 宏碁今天也宣布多家解決方案供應商與案例，如訊連科技FaceMe臉部辨識引擎，支援Amazon Kinesis Video Streams，攜手加雲聯網打造智慧樓宇解決方案；與緯創資通合作智慧型照護整合方案，協助漢神百貨導入智慧零售解決方案，以及整合安碁資訊的資安妙管家、宏碁智雲健康管理平台、智雲體管理系統和宏碁智雲看板等多項宏碁雲端家族的垂直應用。 此外，宏碁旗下投入VR應用開發的宏星技術日前宣布終止公司股票興櫃並取消公開發行。 針對未來宏碁小金雞IPO（首次公開發行）計畫，施振榮回應，「要分才會拚，要合才會贏」，後續會挑選相對成熟的狀況，才會IPO。（編輯：張均懋）1071119","產經"
"王金平首度偕丁守中拜票 直搗綠營票倉","2018/11/19 17:07","（中央社記者黃麗芸台北19日電）選前倒數5天，中國國民黨台北市長候選人丁守中今天在前立法院長王金平和國民黨副主席郝龍斌陪同下，直搗綠營票倉大同區掃街拜票，盼打一場漂亮選戰。 北市選情緊繃，丁守中勤跑基層不鬆懈，今天下午在王金平、郝龍斌、同黨籍北市立委和市議員陪同下，到傳統綠營票倉大同區迪化街掃街拜票，包括媒體和搶合照民眾都將現場擠得水泄不通。 媒體會前聯訪詢問如何看國民黨選情高漲，以及黨內高雄市長候選人韓國瑜的選情。王金平表示，藍營選情可以說比以前高漲很多，且認為韓國瑜選情不錯，大家都非常支持。 談到國民黨主席吳敦義失言是否影響高雄選情，王金平僅說，還不清楚有無影響，還在了解各界反應中。 媒體追問北上輔選是否代表高雄選情穩定，王金平表示，自己和丁守中是老同事，先前丁曾拜訪邀請輔選，但自己一直都還沒幫忙站台過，今天才特地北上力挺。 力拚選戰的丁守中近來喉嚨都喊到啞了，隨身配戴麥克風才能拜票，他會前受訪時說，感謝王金平和立院同仁陪他掃街，認為王金平過去都相當照顧立院同仁，每次出馬都給予最大加分。 對於作家吳祥輝在臉書發文說「棄柯保姚」，丁守中則認為，應棄台灣經濟落後、低薪窮忙，來保經濟發展和安居樂業。 郝龍斌也表示，今天黨內同志都幫丁守中拜票、也幫國民黨造勢，現在國民黨氣勢起來、支持者熱情回來，對未來選舉報樂觀態度，由於大同區過去傳統支持國民黨群眾較少，希望在此打漂亮選戰，以爭取勝選，認為高投票率是關鍵因素，要積極到各處催票。 他也提到，中選會對公投意見書重公告致歉一事，直指中選會是獨立選務機關，不但違反選舉中立原則還違反法院判決，為台灣司法惡例，不僅喪失中選會公信力，也讓民眾不再信服選務機關，最後仍呼籲民眾要對反核食公投投下同意票，不要被中選會所迷惑。 丁守中一行人隨後進行沿街拜票，許多民眾都拿出手機拍照、合影和握手，中途行經霞海城隍廟時，廟方也帶領丁守中上香祈求風調雨順，討個「凍蒜」好彩頭。（編輯：張銘坤）1071119","地方"
"瑞士驚天逆轉勝比利時  晉歐國聯4強","2018/11/19 17:14","（中央社瑞士琉森18日綜合外電報導）歐洲足球總會「國家聯賽」（UEFA Nations League），瑞士今天上演驚天逆轉秀，靠塞佛洛維奇演出帽子戲法，在自家以5比2後來居上擊敗比利時，晉級歐國聯4強。 這場歐國聯A聯盟第2組賽事，比利時開賽第2及第17分鐘就靠哈札德（Thorgan Hazard）連進2球取得領先，逼得瑞士必須贏2球以上才能晉級。 但主場作戰的瑞士韌性十足，靠羅德里格斯（Ricardo Rodriguez）罰進12碼及塞佛洛維奇（Haris Seferovic）梅開二度，上半場踢完就以3比2反超。 瑞士隊下半場依舊攻勢頻頻，埃爾韋迪（Nico Elvedi）第62分鐘破門，塞佛洛維奇於傷停補時的第92分鐘攻進第3球完成帽子戲法，幫瑞士戲劇性完成逆轉秀。 除瑞士之外，晉級明年6月歐國聯決賽週者還有葡萄牙與英格蘭，4強最後一張門票究竟是法國或荷蘭出線，19日將見分曉。（譯者：陳亦偉）1071119","運動"
"法人：汽車零件成長 百達-KY業績可年增5%到7%","2018/11/19 17:01","（中央社記者鍾榮峰台北19日電）百達-KY到年底前可受惠高單價設備入帳，醫療滅菌盒產品第3季開始出貨，明年設備出貨正向看待，汽車零配件可穩健成長。法人預估，百達-KY今年業績可年增5%到7%。 百達-KY今天下午參加證交所舉辦主題式業績發表會。 展望今年業績，百達-KY財務長許書祥表示，今年受惠電子和汽車產業需求，帶動自製沖床產品出貨，儘管今年印尼盾貶值幅度劇烈，此外中國大陸市場業績波動，不過10月公司業績回穩，11月和12月有高單價設備營收可入帳，預估今年有22台以上設備出貨。 展望明年，許書祥表示，今年第4季到明年第1季會把部分成本上漲反映給客戶，產品價格會進行調整；此外公司有機會受惠兩家競爭對手遇到市場競爭的轉單效應。 觀察在手訂單，許書祥預期，明年第1季有2台設備訂單在手，也有韓國公司詢問設備報價，預期明年2月到3月可明朗，對於明年設備出貨正向看待。 在汽車零配件部分，許書祥表示，福斯（VW）新車皆採用MQB平台，已滲透零件售量成長可期，加上預期今年到2020年，大眾中國發布10款運動休旅車（SUV）新品，百達-KY在汽車零配件出貨也正向看待。 在醫療產品部分，2015年百達-KY投入醫療器械製造，目前已有醫療滅菌盒、剪刀止血鉗等產品，今年第3季開始出貨。 從產品營收比重來看，今年第3季汽車零配件占比約79%，機車零配件占比約5%，設備和其他占比約16%。 展望今年業績，法人預估，百達-KY今年業績可成長幅度約5%到7%區間。 法人指出，百達-KY先前與英特爾合作開發均熱片，也打進連接器廠商供應鏈提供設備。 百達-KY自結10月合併營收新台幣2.04億元，較去年同期成長16.4%，累計今年前10月自結合併營收18.41億元，較去年同期成長7.8%。今年前3季稅後淨利8666萬元，每股稅後純益2.14元。 百達-KY主要銷售生產汽機車零組件與沖壓生產線設備，客戶以第1階（tier 1）汽車零配件廠商為主，前幾大客戶包括佛吉亞（Faurecia）集團、恩坦華（Inteva）、Akebono、博世（Bosch）等，打進包括BMW、福特（Ford）、福斯（VW）、TOYOTA、NISSAN等車廠供應鏈。其中福斯占百達-KY整體業績比重約5成。（編輯：蘇志宗）1071119","產經"
"柬埔寨航空布局台灣 21日首航台中","2018/11/19 18:35","（中央社記者汪淑芬台北19日電）柬埔寨航空今年積極布局台灣，10月9日已開航台北-暹粒（吳哥），每週兩班，今天預告，11月21日首航台中-金邊，也是每週兩班。 柬埔寨航空為傳統型航空公司，以定期包機方式飛台灣，使用150人座空中巴士A319機型，機上供應餐食，同時有免費託運行李服務。 柬埔寨航空說，21日首航台中的班機，將滿載150名柬埔寨遊客，估計這條新航線每年可為台灣帶來近兩萬名柬埔寨旅客。 柬埔寨航空看好台柬兩地大量的商業及觀光需求，未來還將開闢「高雄-金邊」等航線，對台灣推動新南向，有實質的助益 。 柬埔寨航空Cambodia Airways去年成立，目前只有3架A319飛機，以柬埔寨金邊、暹粒和西哈努克港為主要運營基地。 柬埔寨航空說，計畫未來5年內，引進20架A320系列飛機，經營柬埔寨至台灣、泰國、越南、新加坡、菲律賓、緬甸、老撾、馬來西亞、印尼、韓國、日本、及港澳地區的航線，並逐步擴大到澳大利亞和歐洲。（編輯：黃于）1071119","生活"
"背水一戰選市長  姚文智簽署立委辭職書","2018/11/19 18:23","（中央社記者游凱翔台北19日電）民進黨籍台北市長候選人姚文智背水一戰，昨天在上萬名支持者面前宣布請辭立委，今天下午在中正、萬華區掃街的路途中簽署立法委員辭職書，宣示參選決心。 立法院秘書長林志嘉下午向中央社記者表示，今天立法院人事處已經收到姚文智的辭職書，是11月18日辭去立法委員，後續會通知中選會，因為姚文智是區域立委需要補選，就由中選會安排相關作業、依法處理。 距離24日選舉投票日倒數5天，姚文智昨天在台北市政府廣場舉辦「手牽手，護台北」活動，為了展現參選決心，在上萬名支持者前，宣布請辭立法委員。 姚文智下午進行中正、萬華區車隊掃街，從北平東路的競選總部出發，行經新生南路、仁愛路、金山南路、和平西路、中華路、西藏路、康定路、桂林路、重慶南路、忠孝西路一帶，而同黨議員候選人吳沛憶、顏聖冠、周威佑、劉耀仁也隨行拜票。 沿途不少民眾熱情給予回饋，向姚文智比「讚」祝福當選，但行經南機場夜市時則有民眾不滿的「比中指」，姚文智仍微笑以對，揮手致意。 此外，姚文智立委辦公室的助理特別從立法院送上立法委員辭職書，姚文智在競選車上簽名後向民眾展示，象徵參選的決心。 中央選舉委員會副主委兼發言人陳朝建昨天表示，由於這一屆立委任期至2020年1月31日，所遺任期超過一年，因此依法應自辭職之日起3個月內完成補選投票。 至於何時補選，依規定是於辭職之日起3個月內完成補選投票。中選會表示，所謂辭職之日，是「請辭時間以書面送達至立法院，並以立委所載的辭職日期為準」。（編輯：李亨山）1071119","地方"
"北捷增10站環境音樂 台北101像置身主題樂園","2018/11/19 18:10","（中央社記者陳妍君台北19日電）台北市政府文化局與捷運公司推動「台北聲音地景計畫」，即日起新增10個捷運站的站體環境音樂；其中，台北101站輕鬆魔幻的環境音樂，讓人彷彿置身主題樂園夢幻國度中。 2016年起，文化局邀請音樂人為淡水站、中正紀念堂站、大安森林公園站、小碧潭站、中山國中站創作專屬環境音樂；去年首度以徵件方式進行，完成松山機場站、台北小巨蛋站、龍山寺站、東門站及象山站的環境音樂。 文化局今年再度舉辦徵選，請來音樂製作人林尚德、張衛帆、周岳澄擔任創作導師。 新增站體環境音樂的捷運站為：台北101站、西門站、行天宮站、北門站、大湖公園站、大橋頭站、中山站、劍南路站、圓山站和南港站；上午7時到晚上9時，每個整點播放10分鐘。 林尚德告訴中央社記者，今年的徵選先請創作者提出過去的作品及想創作環境音樂的捷運站，從235組報名者中選出10組創作者，再以工作坊形式，邀請聲音和環境領域的專家學者及藝術家，以聲學與環境角度切入，希望創作者充分了解環境音樂設計理念及內涵後，再進行創作。 他指出，創作者在工作坊中會討論、激盪出想法，再根據捷運站的關鍵字和特質，創作出環境音樂；之後實地勘查，觀察每個捷運站是開放或封閉式建築，確認環境音樂在站體播放出來的感覺，再對創作出來的曲子進行調整。 文化局表示，創作台北101站環境音樂的蔣榮宗，曾被譽為亞洲原創音樂界最閃亮的明日之星；他使用管弦樂、打擊樂及魔幻的合成器音樂，譜成輕鬆、時尚又國際化的音樂，凸顯台北101特色，讓人彷彿置身主題樂園中。 另外，創作西門站環境音樂的馮德明是來自法國的台灣女婿，雷鬼、RAP、搖滾、電子等風格都難不倒他；他創作的「西門大道」以放克與浩室曲風詮釋，輕快又富有現代感，為捷運空間帶來輕巧和動感。（編輯：張銘坤）1071119","重點新聞"
"劉曉玫承諾照顧農民  讓花蓮米揚名國際","2018/11/19 17:31","（中央社記者盧太城花蓮縣19日電）民進黨花蓮縣長候選人劉曉玫今天下鄉掃街拜票，並親自下田幫農民割稻。她說，前花蓮縣長傅崐萁未重視花蓮農業，她若當選縣長要讓花蓮米揚名國際，加強照顧農民。 劉曉玫今天到玉里、富里掃街拜票，利用掃街空檔走進稻田和青農一起收割稻子，並聽取稻農的心聲。 一位稻農向劉曉玫抱怨，過去傅崐萁沒有協助稻農打品牌，導致玉里、富里地區雖然出產超優質稻米，卻在品牌知名度與價格方面都不如鄰近的池上米。 劉曉玫承諾，「傅崐萁不照顧農民，曉玫來照顧農民」，她一定會投入縣政府資源幫玉里、富里鄉親行銷優質米，並幫忙打開各通路，她要讓花蓮米揚名國際、超越池上米，讓消費者與糧商都來搶購。 農民也吐苦水說，花蓮中南區至今仍有許多農業相關基礎建設不足，例如很多地方缺乏農水路與灌溉設施、排水設施不足、農路殘破未修，衍生的問題包括，農民必須搶水灌溉，大雨、颱風過後農田積水泥濘、邊坡容易崩塌。 劉曉玫表示，傅崐萁長年漠視這些問題，編列極少預算在農業基礎建設。 劉曉玫承諾，她要效法農委會的「農村再生基金」，在縣內編列4年10億專款專用的農業基金，專門協助農民解決農水路、灌溉設施等農業基礎建設問題；縣府並將設立專門窗口，只要接到陳情，將以最快速度會勘、撥經費解決問題，維持良好的農業生產環境。（編輯：陳俊碩） 1071119","地方"
"蒲亭告訴彭斯 俄羅斯沒介入美國大選","2018/11/19 17:06","（中央社莫斯科19日綜合外電報導）俄羅斯國際傳真社今天報導，俄國總統蒲亭與美國副總統彭斯磋商他即將與美國總統川普會晤的事宜時表示，俄國沒有介入2016年美國總統大選。 20國集團（G20）峰會11月下旬在阿根廷舉行，川普與蒲亭將趁便會談，據克里姆林宮發言人培斯科夫（Dmitry Peskov）說，蒲亭與彭斯上週在新加坡會晤時，磋商蒲川會可能討論的主要議題。 國際傳真社（Interfax）引述培斯科夫指出，彭斯提及外力介入美國總統大選的議題，但蒲亭告訴彭斯，俄羅斯與涉入任何選舉進程無關，沒有任何關連。（譯者：曹宇帆/核稿：林治平）10711119","國際"
"徐生明少棒賽遭淘汰  美濃總教練：收獲更重要","2018/11/19 16:44","（中央社記者李晉緯高雄19日電）徐生明少棒賽「地主」美濃國小隊今天最後一局失守，無緣持續晉級，賽後總教練柯進明表示，比賽名次倒是其次，最重要的是球員從中學到東西，能在未來人生道路幫助到他們。 第6屆徐生明國際少棒錦標賽今天持續在高雄進行，「地主」高雄美濃國小在比賽過程與傳統名校高雄市中正國小一路糾纏，可惜最後1局出現亂流，被中正國小一舉攻下8分，最終7比15吞敗，在16強賽後遭淘汰。 美濃國小總教練柯進明表示，像美濃今天這樣「1局爆」的狀況在少棒很正常，小球員只要情緒一個不穩，就會影響比賽勝負走向。 柯進明說，球隊民國101年成立，當時在徐生明號召下，吸收不少好手，在第一屆徐生明少棒賽還拿下第2名，後來學生家長注重課業，球隊也沒有資源吸引棒球專長的選手，所以實力與以前有段落差。 對於今天的比賽，柯進明認為美濃國小打起來其實仍有競爭力，和中正國小實力差距不像今天比賽結果所呈現，「大家實力其實相差不大，比賽勝負就是看臨場狀況」。 柯進明表示，美濃國小棒球隊球員不是只有打球，課業也要顧，現在練球時間只利用課前、課後，一天大約3個小時而已，「量比其他隊練得少，只好練質」，但訓練成效也要看球員吸收的狀況而定，「練球期間還要有一些餘興節目，才能吸引學生專注」。 這次未能持續晉級，柯進明認為，「比賽名次倒是其次」，重要的是希望學生能瞭解團隊合作對自己未來發展的重要性，從棒球中學習、體悟，並將這些所得運用在未來人生的道路上。（編輯：翁翠萍）1071119","運動"
"張忠謀伉儷下午返台  微笑揮手未發表談話","2018/11/19 18:21","（中央社記者吳睿騏桃園機場19日電）代表台灣參與亞太經濟合作會議年會暨領袖峰會的張忠謀與夫人張淑芬，今天下午返抵國門，兩人和前來接機的國安會秘書長李大維等人握手致意後即離去，並未發表談話。 亞太經濟合作會議（APEC）年會暨領袖峰會12日至18日在巴布亞紐幾內亞舉行，張忠謀與夫人張淑芬16日上午搭乘專機前往。 張忠謀伉儷結束巴布亞紐幾內亞的行程，今天下午返抵國門，張淑芬一下機就開心地接受禮賓司獻花，張忠謀面對微笑與前來接機的李大維等人握手致意，隨後牽著張淑芬的手，在維安人員的陪同下離去，沒有發表談話，兩人神采奕奕，不忘向媒體揮手致意。 張忠謀在參與APEC領袖峰會兩天議程期間曾與多位國際領袖會晤，包括17日與代表美國總統川普的副總統彭斯（Mike Pence）及新加坡總理李顯龍、18日與日本首相安倍晉三等舉行雙邊會談。 被譽為「半導體之父」的張忠謀，在2006年前總統陳水扁執政、兩岸關係冰封時期，首次出任APEC領袖代表，今年是他第2度出任。（編輯：陳清芳）1071119","政治"
"觸身球擊中頭部 日高中生送醫不治","2018/11/19 16:49","（中央社東京19日綜合外電報導）日本九州熊本市內一所高中昨天舉行棒球練習賽，一名高2學生上場打擊，遭投手觸身球擊中頭部，送醫後不治。這是1974年以來，高中生在比賽中遭觸身球擊中死亡的第3起案例。 日本放送協會（NHK）報導，這起罕見的意外發生在18日下午，2所高中進行棒球練習賽，一名教師通報消防單位說，有打者被投手投出的球擊中頭部，目前沒有意識。 警方表示，死者是熊本西高校2年級學生，意外發生後被緊急送醫急救，但今天上午仍宣告不治。死因為外傷性蜘蛛膜下腔出血。 熊本西高校副校長北原政典說，得知學生因為棒球比賽死亡，感到十分震驚，只有萬分遺憾；將對其他學生做好心理輔導。 日本高校野球連盟（簡稱高野連）表示，從高中棒球開始使用金屬球棒的1974年以來，昨天這起死亡意外是球員在比賽中死亡的第9件案例；如果只看因被觸身球擊中死亡，昨天這起意外是第3起案例。 高野連事務局長竹中雅彥說，對發生這樣的意外感到非常遺憾。究竟球是如何擊中球員頭部，目前還不清楚，未來將詳細調查後研究因應措施。（譯者：黃名璽/核稿：劉學源）1071119","國際"
"UN特使將抵達  葉門叛軍停火釋善意","2018/11/19 16:35","（中央社葉門首都沙那18日綜合外電報導）聯合國特使葛瑞菲斯將啟程赴葉門，盼促成和平談判以結束內戰。葉門叛軍「青年運動」（Huthi）高層官員已要求旗下官兵，停止發射火箭或使用攻擊無人機。 Huthi高級革命委員會（Higher Revolutionary Committee）主席胡提（Mohammed Ali al-Huthi）在推特貼文表示，他們希望「所有葉門官方團體」停火。 胡提還指出，他要求旗下官兵停止發射飛彈和無人機攻擊，目的在於「支持（聯合國）特使的努力，並證明我們的善意」。 聯合國特使葛瑞菲斯（Martin Griffiths）16日表示，他打算在週內前往叛軍所掌控的葉門首都沙那（Sanaa），以儘快敲定即將在瑞典舉行的和平談判。 葛瑞菲斯還說，沙烏地阿拉伯所支持的葉門政府及Huthi叛軍雙方，都重新表達致力政治解決的承諾，雙方都「堅定保證」會出席和平談判。目前和談日期尚未確定。 Huthi叛軍2014年占領葉門首都沙那（Sanaa）及濱紅海城市荷台達（Hodeida），促使沙烏地阿拉伯領導的聯軍隔年出手介入，幫助葉門政府軍。 世界衛生組織（WHO）指出，從沙國領導的聯軍介入以來，有近1萬人在內戰中喪生，有人權組織認為死亡人數可能是這個數字的5倍；聯合國指葉門內戰是嚴重的人道危機。（譯者：陳彥鈞/核稿：陳亦偉）1071119","國際"
"陳景峻幫柯文哲站台 民進黨：新北市黨部處理","2018/11/19 16:34","（中央社記者呂欣憓台北19日電）台北市副市長陳景峻幫台北市長柯文哲站台，民進黨台北市長候選人姚文智今天要求黨中央要處理。民進黨表示，陳景峻的管轄權在新北市黨部，已指示新北市黨部依程序處理。 陳景峻是民主進步黨黨員，昨天幫柯文哲公開站台。姚文智今天要求民進黨中央要有所處理，因為在競選期間，黨員上選舉舞台幫柯文哲站台，牽涉黨紀問題，在這選舉最後的關鍵時刻，希望黨中央處理的態度要非常清楚。 民進黨發言人蔡適應表示，因陳景峻屬一般黨員，管轄權在新北市黨部，稍早黨中央與姚文智聯繫，表明黨中央已了解相關違紀情事，並指示新北市黨部依程序盡速處理。（編輯：林興盟）1071119","政治"
"陽岱鋼談王柏融旅外 大家都期待有好結果","2018/11/19 16:46","（中央社記者謝靜雯台北19日電）旅日讀賣巨人隊野手陽岱鋼，今天舉辦返台記者會，談起大家關注的Lamigo桃猿隊王柏融季後旅外動向，陽岱鋼表示，還有一段時間可以慢慢思考，「大家都期待有好的結果」。 陽岱鋼近2年因傷影響出賽，但今年單季敲出10轟，完成生涯百轟，敲出62支安打，日職生涯安打數累積達1091支，超越前旅日名將陳大豐的生涯1089支安打數。 陽岱鋼表示百轟是個里程碑，但只是一個數字，「過去就過去了，當成完成一個工作，接下來還是要往前看」，棒球生涯有很多的階段，只能一步步慢慢往上爬。 今年球季陽岱鋼與旅日樂天隊投手宋家豪首度對決，陽岱鋼敲出滾地球出局，他表示樂天隊對於宋家豪一直很有期待，樂天隊今年季中新任總教練平石洋介上任，他也直言：「明年球季宋家豪的責任會越來越大。」 中職Lamigo桃猿隊王柏融季後取得旅外資格，外界關注王柏融落腳處，日媒也有不少討論，陽岱鋼也表示，距離明年球季開始還有很長一段時間，可以讓他慢慢思考，「大家都期待有好的結果」。（編輯：黃于）1071119","運動"
"侯友宜：選舉最高指導原則 尊重太太","2018/11/19 17:31","（中央社記者黃旭昇新北19日電）穿上防風夾克，戴上棒球帽，國民黨新北市長候選人侯友宜今天在淡水、三芝、北海岸地區以車隊掃街。他受訪表示，妻子在幕後幫他很多，尊重太太永遠是選舉時的最高指導原則。 侯友宜今天在北海岸的鐵人式車隊掃街行程，雖天空不時飄著細雨，他依舊在車上高舉雙手向沿路市民致意，遇到熱情民眾時，侯友宜也彎腰握手。 侯友宜昨天晚上在溪北地區大造勢舞台上，公開向妻子示愛說「老婆，我愛你。」媒體關心他的妻子是否會在選前之夜現身掀最高潮，侯友宜今天在車隊掃街前受訪表示，無論幕前或幕後，妻子已經幫忙很多。低調是妻子的風格，尊重妻子的選擇， 侯友宜說，妻子鮮少公開露面，甚至網路上都很難找到照片，只選擇在幕後默默幫助先生，他任職警察時也沒有出面一起分享風光榮耀，只在背後低調默默支持，讓先生全心衝刺。 侯友宜表示，妻子實際上競選期間都在幕後幫忙提供意見或照顧他的身體，他永遠感謝妻子，「尊重太太永遠是選舉時的最高指導原則。」 侯友宜今天也回應立法委員段宜康的臉書直播、臉書貼文表示，選舉這段時間有非常多的不實抹黑和造謠，對妻子造成傷害，太太在警眷時承擔很多高風險，背負許多家庭責任，辛酸與委屈痛苦，他可以體會並感恩。 對妻子娘家與家族的財產、財務問題，侯友宜說，段宜康結合特定媒體每天用斗大的標題，不斷抹黑造謠逃漏稅、都市更新炒地皮。實際上，公職人員財產申報內容都很清楚，若有問題監察院早就調查了。 侯友宜說，段宜康抹黑造謠是選舉文化最卑劣的手段，不但傷害妻子，也是民主的恥辱與最壞案例。其實，段宜康不但有許多顆曲棍球沒有吞，還一直在製造曲棍球。 侯友宜說，段宜康質疑的事情沒有一件是真的。隱忍段宜康是不願製造衝突對立，更不希望製造撕裂仇恨。未料，段宜康更變本加厲，已成為台灣選舉文化的恥辱。 侯友宜競選總部發言人侯慶莉表示，段宜康接二連三以似是而非論述、以「東廠」影射抹黑侯友宜的名譽，胡亂丟泥巴的行為令人不齒。她說，侯的妻子任美鈴與外界的借貸關係，依法向監察院申報登載，一切公開透明，禁得起檢驗。（編輯：陳俊碩）1071119","地方"
"對美報復拿大豆開刀 中前談判代表質疑北京策略","2018/11/19 16:49","（中央社北京19日綜合外電報導）曾任中國加入世界貿易組織（WTO）首席談判代表的龍永圖，昨天在一項財經論壇中，質疑北京當局處理對美貿易爭端方式，罕見地質疑中國政府的貿易策略。 昔日替中國加入WTO鋪路的龍永圖表示，北京政府立即祭出關稅報復，對美國黃豆下手的作法不當。 龍永圖說，「我希望在反擊的時候，能夠避開農產品」，永遠不要碰。他說，今年夏天美中貿易戰開打前，當局曾諮詢他的意見。 龍永圖昨天在財新媒體論壇中說：「我們反而一開始就對他們的農產品和黃豆下手。」 美國總統川普宣布對價值5000億美元中國貨加徵關稅後，中國立即宣布對美國黃豆加徵25%關稅，黃豆是中國從美國的最大單一進口商品，同時也對其他產品加徵關稅。 此舉被外界視為北京當局鎖定川普農業州的票倉發動攻擊，中國官員對此也不諱言。 龍永圖說：「我根據我的美中貿易經驗提出建議，農產品相當敏感，大豆更是敏感。」 近20年前，龍永圖談判桌上的對手美國貿易代表白茜芙（Charlene Barshefsky），則對美中兩強之間的鴻溝日益擴大提出警告。 白茜芙說：「中國經濟及經濟政策和市場經濟漸行漸遠，並在過去4至5年有加速的現象。」 白茜芙說，改採國家主導的方式是「中國和美國及歐洲、日本與澳洲等其他國家的基本衝突。這點不易解決。」（譯者：劉淑琴/核稿：陳政一）1071119","產經"
"老婦不當服用中藥心律不整  應找專業中醫師","2018/11/19 16:20","（中央社記者黃國芳嘉義縣19日電）8旬老婦人因筋骨痠痛，子女依照坊間藥方購買含川烏、草烏等的中藥材煎煮服用，不料出現噁心、嘔吐及心悸，送急診治療，已恢復健康，醫師提醒民眾應找專業中醫師、藥師。 大林慈濟醫院今天發布新聞說，8旬老婦的藥方建議每天服用1次，她上午服用1劑後感覺身體痠痛逐漸緩解，晚上又服用1次約1小時後，出現噁心、嘔吐、心悸、全身無力症狀且愈來愈嚴重，立即由家人送急診。 大林慈濟醫院心臟內科醫師李易達表示，因患者到院有心律不整情況，送加護病房透過藥物治療，經8小時後，患者的心跳逐漸平穩，已恢復健康。 李易達說，另有1名中年男子獲友人介紹治療糖尿病的中藥秘方，並到中藥房購買含有附子的中藥材，服用後30分鐘，上半身開始感覺麻，合併出現噁心、嘔吐、心悸、無力等症狀而送醫院急診。這兩起個案都是因烏頭鹼成分引起中藥中毒，造成心室性心律不整。 大林慈濟醫院藥學部組長梁育彰表示，出現中毒症狀時間快慢不等，中毒症狀初期有口舌、四肢及全身麻木，頭暈、眼花、神志不清、言語不清、大小便失禁、噁心、嘔吐、腹瀉，繼而四肢抽搐、呼吸困難、心悸、血壓下降及昏迷等，最終可能因心臟麻痺而死亡。 梁育彰提醒民眾，生病時，不隨意購買、服用來路不明藥品，民眾欲服用中藥時，應找專業中醫師、藥師。使用中藥時，應遵照藥師的衛教，確認使用藥材是否炮製完全以及正確煎煮方法，若有出現中毒症狀，應立即就醫。（編輯：翁翠萍）1071119","生活"
"遭指發放攻擊性文宣 徐欣瑩：又一次栽贓抹黑","2018/11/19 16:19","（中央社記者劉冠廷新竹縣19日電）民國黨新竹縣長候選人徐欣瑩陣營今天遭指控，派學生發放攻擊性文宣，徐欣瑩表示，這又是一次的栽贓抹黑，這份文宣不是她們做的。但她也說，文宣內容都是事實，哪有負面。 國民黨新竹縣長候選人楊文科陣營今天下午召開記者會，直指徐欣瑩新豐鄉競選服務處總幹事徐宦杰，昨天晚間指派學生在新豐鄉新市路發放疑似黑函的攻擊性文宣，但遭楊文科團隊發現攔截，並報警處理。 記者會現場也公布昨晚選監委員詢問學生的影片內容，2位學生在影片中表示，文宣是徐宦杰要他們發的。同時現場也邀請到其中一位學生的家長林卓明現身說法，林卓明表示，徐欣瑩的總幹事把2位小孩帶到一個房間，拿了一疊文宣與新台幣500元，要孩子們在1小時內發完。 林卓明說，他非常生氣，不解徐欣瑩團隊為何不叫自己人去發，要叫這2位未成年的孩子去發，萬一出事了，誰來幫忙這2位孩子。 楊文科競選總部呼籲徐欣瑩陣營對此事說清楚、講明白，總部發言人田昭容說，這份疑似黑函的攻擊性文宣雖由「陳冠友」屬名，但卻是由徐欣瑩新豐鄉競選服務處指派學生發放。請問「陳冠友」是否是徐欣瑩競選團隊的成員。 隨後，徐欣瑩在寶山鄉的公辦政見發表會上，對此回應，她說，昨天對手發現一份文宣，上面有署名，卻說是她陣營的文宣，這不是栽贓、抹黑，不然是什麼。 徐欣瑩也拿出昨晚這份文宣強調，文宣不是她陣營所發出的，但照她看來，這份文宣也不是什麼負面文宣，每一件事都是真實的描述。（編輯：陳俊碩）1071119","地方"
"談清代女性文學  科技部邀中研院專家開講","2018/11/19 16:14","（中央社記者朱則瑋台北19日電）科技部人文沙龍系列講座20日將在金門舉行，邀請中研院中國文哲研究所長胡曉真主講，探討清代女性文學裡中的幽隱空間與心靈世界。 清代女性小說家筆下經常出現庭園場景，使「花園」成為具有特殊象徵意義的空間，科技部人文沙龍系列講座20日將前進金門大學，舉辦「立足金門，尋『秘』攻略：一窺清代女性的秘密花園」講座，邀請中央研究院中國文哲研究所研究員兼所長胡曉真主講。 科技部今天透過新聞稿表示，西方有維吉尼亞．吳爾芙以「自己的房間」一書做為討論起點；台灣則有中央研究院研究員胡曉真著作的「才女徹夜未眠：近代中國女性敘事文學的興起」。 胡曉真的研究領域為明清敘事文學、明清婦女文學及清末民初文學，不僅曾獲中央研究院青年學者研究著作獎，也獲得吳大猷先生紀念獎，近年來，更持續關注邊境、性別等研究議題。 講座將從彈詞小說切入，探討清代女性小說家筆下經常出現的庭園場景。胡曉真解釋，彈詞小說是一種韻文體的敘事作品，作者多為女性，作品中經常出現庭園場景，因而成為具有象徵意義的空間。一方面，花園在屋舍的平面配置較有偏僻的特性，暗示了女性的邊緣位置，以及生活空間的幽閉性。 另一方面，花園又因為地處內外的交界，而成為誘發跨越欲望界線的危險空間。甚至，因為花園與正房的屋舍有所區隔，也暗示對俗世的疏離，而變成女性追求超越經驗的神祕空間。 胡曉真說，花園隱含了相當豐富的文化意涵，既可象徵女性生命的幽閉封鎖，也能刺激女性心靈的無限奔馳，講座將嘗試突破傳統的觀點，探索花園豐富的情感與想像，重新思考近代中國文化中的「公與私」、「理與情」、「男與女」等疆界議題。 講座時間為20日下午3時30分至5時30分，地點在國立金門大學綜合大樓421方水金講堂。由金門大學人文社會學院院長陳益源擔任主持人，並邀金門大學華語文學系主任唐蕙韻及助理教授游文福與會座談。（編輯：張均懋）1071119","生活"
"李維菁遺著人魚紀  獲台北文學獎年金獎助","2018/11/19 18:20","（中央社記者汪宜儒台北19日電）作家李維菁13日辭世，留下遺作「有型的豬小姐」，預定下月出版，今天台北市文化局再宣布，她生前最後作品「人魚紀」獲台北文學獎年金獎助40萬，文化局也將盡力協助後續出版。 台北文學獎年金的第二階段決審由向陽、李金蓮、胡金倫、陳素芳、廖玉蕙擔任決審委員，14日會議經兩輪投票後，一致決議最終得主為李維菁的「人魚紀」。會議主席向陽在會中也朗讀關於作品的結語：「跳舞就是走路，跳舞就是順暢地走路，昂首走路」，「我們一生要的，就只是漂亮地走路，沒有別的。」 評審委員認為，「人魚紀」中簡潔順暢的文字充滿深度及力量，對讀者有所啟發，足以傳遞文學的價值與意義。此外，向陽也讚「人魚紀」是一部真誠的作品。 評審在決議時說明，這部作品題材具有深度，李維菁以流暢的文字，通過國標舞，以人魚為象徵，在束縛與解放的掙扎中，思考人生的路向。同時探討性別的政治與角力、母女關係，更觸及性與身體的關係等不同面向。 完成「人魚紀」的過程，正是李維菁與病魔拉扯對抗的期間，身旁許多朋友勸她身體為重，她仍堅持完成。最終文稿也因此出現許多錯字與人稱混亂狀態，評審們雖覺察此問題，卻一致認為是後續編輯可校正處理的。 廖玉蕙就說，「人魚紀」讓人印象深刻的是國標舞與人際關係的隱喻。而故事中處理了性別問題，以及社會對國標舞的社會階級偏見；若以鼓勵原創的角度來看，李維菁以人魚、走路的角度鋪陳人際關係的衝突、追求自由的不易、家庭親情的匱乏、性別的跨越等，是成功的。 去年3月，「第19屆台北文學獎─台北文學年金獎助計畫」公布第一階段決審入圍名單，由李維菁的「人魚紀」、丁威仁的「編年臺北」與張啟疆「祕密」獲20萬獎金支持，以一年的計畫時間完成作品，本月14日召開第二階段決審會議。 文化局表示，評審會議前夕，意外接獲李維菁逝世的噩耗，評委們皆深感難過與惋惜，但肯定其病中持續完成創作的努力。文化局將盡力協助家屬促成「人魚紀」出版，讓讀者能再次感受李維菁細膩慧黠又犀利透徹的文字世界。（編輯：唐聲揚）1071119","文化"
"毆打女友致死 男辯沒殺人犯意求輕判","2018/11/19 16:09","（中央社記者劉世怡台北19日電）蘇姓男子懷疑同居女友與其他男子有曖昧，毆打女方致死，檢方以殺人罪起訴，一審認定傷害致死判刑9年，經上訴，二審今天開庭，蘇男說沒有殺人犯意，請求輕判。 一審判決指出，蘇男與蔡姓女友租屋同居在新北巿，並育有2子，蔡女從去年1月起即外出工作以貼補家用，去年2月間清晨下班返回租屋處後，蘇男發覺蔡女身上留有酒味，心生懷疑，查看蔡女手機得知蔡女從事酒店小姐工作，並與一名男子互傳送曖昧訊息。 蘇男因怒火中燒，以拳頭重擊蔡女腹部，徒手猛力抓拿女方頸部，再將女方抓去撞牆壁，並用掃把猛打女方全身，使得女方腹腔內肝臟破裂出血及頸部甲狀軟骨骨折，造成休克死亡。 蘇男於觀覽蔡女手機訊息內容完畢後，才發覺蔡女身體冰冷，撥打119電話請求救護，蔡女送醫不治。檢方偵辦後，將蘇男以殺人罪起訴，一審法院認定不構成殺人罪，依傷害致死罪判刑9年，檢方及蘇男均不服判決，提起上訴，由二審台灣高等法院審理。 二審今天開庭，蘇男說，沒有殺人犯意，很後悔打死蔡女，真的不知道當時自己出拳有這麼重，他應該符合自首，請求法官判輕一點。 蔡女母親委任的律師則說，蘇男有家暴紀錄，應可預見毆打瘦小的蔡女，可能造成死亡結果，請求法官應以殺人罪重判。 合議庭庭末諭知，全案辯論終結，訂於12月6日上午10時宣判。（編輯：張銘坤）1071119","社會"
"阻擋中美洲移民湧入 有刺鐵絲網盤踞美墨邊界","2018/11/19 16:28","（中央社美國拉雷多18日綜合外電報導）他們在涼爽的早晨開始工作，身手矯健地將一捲又一捲看起來惡毒的圍籬與有刺鐵絲網綁在綠色桿子上，再將這些桿子釘入地面。 經過3天工作時間，放眼望去，一道閃閃發光、與人肩膀同高的蛇腹形鐵絲網障礙物宛如一條銀色大蛇，盤踞在蔥翠的河堤邊。 築起這道有刺鐵絲網圍籬的，是駐紮在肯塔基州諾克斯堡（Fort Knox）的約100名美國第19工兵營（19th Engineer Battalion）部隊。 這些美國軍人不在遙遠戰區，而是駐紮在拉雷多（Laredo）這個眺望里奧格蘭德河（Rio Grande river）流經德州西南部的繁忙邊境城鎮，執行美國總統川普的爭議性命令。 川普派遣大約5800名部隊到這個邊界地區，在一群群中美洲移民穿越墨西哥抵達美國前，採取先發制人的行動。 批評者抨擊這是一場代價高昂的政治噱頭，目的是在本月稍早的期中選舉登場前激勵支持者。 川普在選前稱這批移民大隊，讓美國陷入「全國性緊急狀態」，並警告這些所謂的「入侵」移民車隊中，「有一些非常惡劣的暴徒和幫派成員」。 至少到目前為止，這道圍籬是川普因應這批移民大軍最顯而易見的措施，對移民構成顯著的嚇阻力和實體障礙，目的是將潛在尋求庇護者引導至有組織進入美國的入境點。（譯者：劉文瑜/核稿：陳政一）1071119","重點新聞"
"新台幣貶1.8分 收30.906元","2018/11/19 16:04","（中央社台北19日電）台北外匯市場新台幣兌美元今天收盤收30.906元，貶1.8分，成交金額6.26億美元。 新台幣兌美元今天開盤價為30.860元，最高30.845元、最低30.910元。（編輯：蘇志宗）1071119","產經"
"金門家扶中心扶幼館動土 奠基下個50年","2018/11/19 17:01","（中央社記者黃慧敏金門縣19日電）金門家扶中心新建扶幼館今天開工動土，家扶中心人員開心終於有自己的家，不必再到處遷徙。家扶中心期盼，扶幼館能為未來弱勢兒童福利服務工作，奠定下一個50年的基礎。 金門家扶中心扶幼新址在環島北路上大慶鋁門窗對面，動土儀式由家扶基金會董事蔡敏文主持，邀請金門縣長陳福海、立委楊鎮浯辦公室主任孫國智、金防部政戰主任史順文等人一起見證。 蔡敏文表示，51年前，家扶基金會應金門縣政府及救總邀請，到金門設立家扶中心；早年戰爭時期，金門前線捍衛台灣，而家扶中心護衛金門弱勢兒童，與金門鄉親一起補助弱勢家庭兒童並輔導恢復家庭功能，培養出不少的優秀人才。 但長年以來，家扶中心都是寄人籬下，經常搬家，直到金門家扶中心扶幼委員會創會主委翁志勵規劃下，向縣府承租現址，才能穩定發展兒童福利服務業務。 金門家扶中心扶幼委員會主委李根遠表示，50多年來，金門家扶中心一直渴望有個個屬於自己的家；在縣長陳福海團隊、縣議會議長洪麗萍所領導的議會團隊、立委楊鎮浯等人協助下，開啟金門家扶中心購地建館的第一步，真正屬於家扶中心和弱勢兒童的扶幼館，終於在今天開工。 現在金門家扶中心扶助330名兒童，分屬200個家庭。李根遠期盼新的扶幼館建成後，能為未來弱勢兒童福利服務工作上奠定下一個50年的基礎，讓弱勢兒童和家庭，都感受到金門是一個幸福的城市。 不過，金門家扶中心主任李桂平表示，雖然扶幼館開工，但購地建館經費籌措還不到一半。動土典禮上，海印寺性海法師慨捐新台幣100萬元，拋磚引玉，呼籲金門鄉親共同協助金門家扶中心完成這個半世紀的志業。 忙於選舉爭取連任的陳福海專程前來參加動土，他說，施政本著「禮運大同篇」施政，要讓金門鄉親老有所終、壯有所用、幼有所長，鰥寡孤獨廢疾者皆有所養，允諾縣府會投入更多資源協助家扶中心推廣服務。 金門家扶中心扶幼館佔地約1800平方公尺，將興建地上3層共641坪建物，由恒富營造承攬興建。未來將成為提供對弱勢兒童各項服務工作的基地。（編輯：吳佳穎）1071119","地方"
"劉德華走金馬紅毯最吸睛 袁富華奪男配收視稱冠[影]","2018/11/19 18:38","（中央社記者江佩凌台北19日電）第55屆金馬獎頒獎典禮收視率今天出爐，星光大道收視高點落在影星劉德華紅毯壓軸受訪，多達3.01；頒獎典禮部分，落在以電影「翠絲」奪最佳男配角的袁富華致詞，高達5.20。 金馬55轉播單位台視今天發布新聞稿公布收視率數據，儘管因選舉前一週造勢不少，多少衝擊金馬收視表現，但星光大道總收視人口仍有約132萬3000人觀看，頒獎典禮總收視人口高達350萬8000人，典禮全體平均收視為3.86。 當晚星光大道部分，收視排名冠軍為劉德華上紅毯接受訪問，達3.01、約66萬5000人觀看，其次依序為金馬55評審團主席鞏俐接受訪問、張震踏上紅毯，及女星劉嘉玲上紅毯接受訪問，收視都逼近3。 頒獎典禮部分，收視冠軍由奪下「最佳男配角獎」的演員袁富華最吸睛，他以粵語發表感言收視達5.20，約115萬人觀看；次高則是獲「最佳新演員獎」的達悟小孩鍾家駿，他發表得獎感言收視達5.05。 觀看第3高落在頒獎嘉賓胡歌致詞、陳敏正獲「最佳造型設計獎」，收視為4.95。第4名則是「劇場女神」謝盈萱，她以電影「誰先愛上他的」奪下金馬影后並發表感言，收視為4.89。第5名則是頒獎人謝金燕致詞時，劉德華起立致意，收視4.88。 表演節目部分，雷光夏演唱電影「范保德」歌曲「深無情」最多人關注，收視4.62，其次依序為李英宏演唱電影「誰先愛上他的」歌曲「峇里島」、壓軸登場的莫文蔚演唱「Diva、我、All I ask of you」，以及歌王陳奕迅演唱電影「後來的我們」歌曲「我們」。 台視表示，當晚「15至34歲女性」與「20至34歲女性」的分眾收視最高，平均收視都高達5.92、而網路總收看為328萬4281人次。（編輯：黃于）1071119","重點新聞"
"台中市投開票所  選舉與公投同一入口","2018/11/19 17:01","（中央社記者郝雪卿台中19日電）九合一選舉24日投票，台中市民政局副局長盧政遠今天在市政會議說，這次選舉同步舉行公投，投開票所只有1個入口，年滿20歲可領選舉與公投票，滿18歲未滿20歲者僅能領公投票。 兼任台中市選舉委員會總幹事的盧政遠，今天在市政會議提出「107年地方公職人員選務工作籌備情形」專案報告；台中市警察局長楊源明也報告淨化選前治安、防制金錢暴力介入選舉、維護選舉安全的相關作為。 台中市共設置1601個投開票所，由於這次選舉同步舉行多案公投，盧政遠指選舉票與公投票的投開票所僅有1個入口，年滿20歲以上者可領地方公職人員選舉票及公投票；年滿18歲以上、未滿20歲者僅能領公投票。 盧政遠說明投票流程，選舉人先領選舉票、圈票、投票，次領公投票、圈票、投票，現場安排選務人員引導選民動線。選舉人或投票權人可選擇全領、僅領取部分或全不領地方公職人員選舉票或全國性公民投票。 對於選舉票匭間如出現誤投情形，盧政遠表示，如果市長票投到市議員票匭或市議員投到里長票匭，仍屬有效票，但若選舉票投到公投票匭或公投票投到選舉票匭則屬無效。選舉人或投票權人應1次進入投票所領票、投票，離開投票所後不得再進入投票所領票、投票。 楊源明表示，在選票印製、運送及保管方面，也強化相關維安，包括協調選委會裝設全天候監視錄影系統監控、規劃機動派出所部署警力24小時現場警戒、由警力配合選監人員全程管制，警力會全程護送選票運送。（編輯：翁翠萍）1071119","地方"
"未滿20歲也可申請社會住宅 2種情況擴大適用","2018/11/19 15:44","（中央社記者潘姿羽台北19日電）社會住宅須年滿20歲以上才能申請，不過實務上，未滿20歲的民眾可能已結婚、具有行為能力，或是剛結束安置卻無法返家，內政部因而發布解釋令，上述2種情況也可申請社會住宅。 政府為了保障國民居住權益，健全住宅市場，致力推動社會住宅政策，不過有立委向內政部反映，年滿20歲始得申請社會住宅的年齡限制，可能會使得部分有意申請者的權益受損；內政部研析過後，近日發布解釋令，將2種情況擴大適用。 住宅法規定，主管機關及民間興辦的社會住宅，應以直轄市、縣市轄區為計算範圍，提供至少30%以上比率出租給經濟或社會弱勢者，經濟或社會弱勢包含於安置教養機構或寄養家庭結束安置無法返家，未滿25歲者；然而，實務上可能會出現結束安置無法返家，但未滿20歲的情況，此時便會受到社會住宅出租辦法年滿20歲始得申請的限制。 為了解決上述情況，營建署官員表示，已經發布解釋令，從安置教養機構或寄養家庭結束安置、無法返家的民眾，即便未滿20歲，因屬於經濟或社會弱勢，為社會住宅保障的對象，因此不受「年滿20歲以上始得申請」的年齡限制，至於其監護人或法定代理人等事宜，由地方政府協助處理。 另外，營建署官員指出，原本設定20歲的年齡限制，是考量民法規定20歲以上才具有完全行為能力，不過民法第13條第3項也規定「未成年人已結婚者，有行為能力」，因此內政部解釋令也指出，「未成年已結婚有行為能力者」申請承租社會住宅，可不受年滿20歲始得申請的限制。 官員表示，雖然案例不多，但上述2種情況都實際有發生過，內政部已經發布解釋令，地方政府受理申請時可直接適用，未來內政部會再將相關規範正式寫進社會住宅出租辦法，讓內容更加完善。（編輯：張均懋）1071119","產經"
"加州野火失蹤數突暴增破千又驟減 官員解釋背後原因","2018/11/19 18:00","（中央社加州天堂鎮18日綜合外電報導）美國北加州「坎普野火」（Camp Fire）持續延燒，失蹤人數在過去幾天暴增至1200多人，之後減至不到1000人。人數突然暴增，讓部分居民及官員感到困惑。 路透社報導，美國官方今天表示，坎普野火造成的死亡人數增至77死。據信失蹤的人數原是1276人，但今天減至993人。坎普野火已寫下加州史上最多傷亡紀錄。 英國廣播公司（BBC）報導，失蹤人數如此之高，是否代表死亡人數也可能跟著增加甚至破千，加州重災區標特郡（Butte）公開承認，這並非能簡單回答的問題。 警長哈尼亞（Kory Honea）在16日首次公布破千人的失蹤名單時形容名單是「變動」的。他說：「我提供給各位的資訊是原始資料，我們發現名單上的姓名可能有重複。」 官方表示，調查人員自8日坎普野火爆發以來，試圖從通報失蹤電話、報導及電子郵件匯集資料，因此統計人數大幅變動。而大火快速蔓延，據報許多人僅有幾分鐘能聚集親友，並從擁塞的道路逃命。 由於火勢猛烈，官員警告說，完全復原可能要花上數週。數百名專家帶「尋屍犬」，利用通報的名單在廢墟中搜尋罹難者遺骸。但部分媒體隨即指出，標特郡的名單有重複或異常的地方。 根據「紐約時報」（The New York Times），稍早版本名單列出5名年紀119歲的失蹤者，紐時也說，他們能透過社群媒體確定名單上部分人員實際上安然無恙。 美聯社報導，遭列失蹤名單的民眾康瑞（Tamara Conry）在臉書上發文向親朋好友報平安。她15日晚間在尋找失蹤者的頁面上寫道：「我和丈夫一直都沒有失蹤，從未失蹤。」 「我們沒有家人在找我們…我還打去留訊息，要求把我們的名字刪掉。」 哈尼亞為公開「原始」清單的決定辯護說：「我不能讓完美主義阻礙進度。」他16日告訴媒體說：「發出資訊對我們來說很重要，這樣我們才可開始尋找這些行蹤不明的人。」 由於坎普野火破壞超過1.2萬座建築，且加州大片區域疏散命令尚未解除，數千名居民現待在臨時避難所。哈尼亞說，因為被迫疏散，名單上許多人或許沒意識到有人在找他們。 追蹤實際失蹤人口也因通訊受阻而變得困難，多數基地台及電纜受惡火破壞，行動電話無法使用，部分地區臨時基地台需由供應商安裝。 根據最新統計，受野火重創的標特郡天堂鎮（Paradise）人口約2.7萬人，其中1/4年齡在65歲以上。 天堂鎮警察局長芮恩波特（Eric Reinbold）說，這份數據凸顯在緊急情況下，快速疏散年長者的困難。他說：「就像在社區，我們有老人，而他們有的放棄開車，或無法開車。」 而長者成功脫逃後，可能也不太會透過網路或其他行動通訊聯繫認識的人，使得失蹤名單上出現許多老人。 綜上所述，當局不斷懇求當地民眾再三於名單更新時確認，並透過電話而非語音信箱，讓他們知道誰已證實安全，以助他們在資源早已捉襟見肘的情況下聚焦救災工作。（譯者：侯文婷/核稿：盧映孜）1071119","重點新聞"
"車王電多領域開發新產品  年底前業績看佳","2018/11/19 15:41","（中央社記者鍾榮峰台北19日）車王電美國子公司持續成長，胎壓偵測器出貨穩健，續開發智能、高效動能和儲能等產品。法人預估，車王電到年底業績可續走揚。 車王電與華德動能今天下午舉辦聯合法人說明會。 展望公司布局，車王電董事長蔡裕慶表示，公司過去5年持續轉型，提前布局儲能系統平台和智慧物聯網整合平台，公司也在中國大陸深耕車用鋰電工具產品。 談及未來產品規劃，蔡裕慶指出，公司持續開發車用智慧安全電子、節能車用電力電子、功率模組、車用與儲能電池管理系統、智能無刷工具、以及精密工具等產品。 在產能規劃方面，車王電發言人蔡淑貞表示，車王電今年底台中中港園區分公司將動工，預計2020年底完工。 展望產品和市場出貨表現，蔡淑貞指出，美國子公司可望持續成長，胎壓偵測器（TPMS）出貨持續穩健。 法人預估，車王電11月和12月業績可望逐月成長，今年車王電整體毛利率可維持在36%到38%區間，預期未來幾季業績可望逐季改善。 車王電自結10月合併營收新台幣2.59億元，較去年同期成長16.57%，累計今年前10月自結合併營收22.58億元，較去年同期增加11.9%。車王電前3季稅後淨利1.87億元，較去年同期8728萬元成長114%，前3季每股稅後純益（EPS）1.9元，優於去年同期的0.89元。 車王電主要布局汽車電子、儲能系統、智慧物聯網整合平台、車用鋰電工具等，其中汽車電子主攻車用大功率電力電子、安全及電池控制模組等。 從市場比重來看，今年第3季美洲占比約48.7%，歐洲占比約22.1%，亞洲占比約23%。（編輯：李信寬）1071119","證券"
"惠特興櫃 LED晶粒搶攻大陸市場","2018/11/19 15:38","（中央社記者鍾榮峰台北19日電）LED晶粒/晶圓檢測設備廠惠特科技今天登錄興櫃交易，公司產品切入中國大陸前三大LED元件廠商。 惠特科技整合自動控制、機械設計、機械視覺、光電量測、電控、電子電路等各領域技術團隊，切入光電相關自動化設備領域，主要產品包括整合型LED晶粒/晶圓點測機、LED晶粒分選機、雷射陶瓷鑽孔/劃線機及雷射金屬精密切割機等。公司也提供LED晶粒測試及分選代工服務。 惠特科技今年上半年度合併營收新台幣15.6億元，毛利率33%、營益率7.69%，稅後淨利1.39億元，每股稅後盈餘2.71元。 在市場布局，惠特科技指出近年來受惠中國大陸大力扶植LED產業，以中國大陸為主要市場，目前產品已進入中國大陸前三大LED元件廠商。從產品來看，點測機市占率約80%、分選機市占率約50%。 在新產品布局，公司指出，Mini LED相關點測及分選機台，以及垂直共振腔面射型雷射（VCSEL）、分布回饋型（DFB）等雷射二極體等設備陸續進入市場，有機會成為明年成長動能。 公司另一產品線自動化雷射微細加工與雷射金屬加工設備，搭配Laser光學系統與半導體等級精準控制系統，可應用在半導體、印刷電路板及LED等領域如藍寶石玻璃、精密陶瓷及多樣複合材料基板加工。（編輯：蘇志宗）1071119","證券"
"牛津辭典90年 收錄中式英語250個","2018/11/19 17:51","（中央社台北19日電）中式英語辭彙add oil（加油）最近被收錄進英國牛津大學出版社旗下的牛津英語辭典。據陸媒報導，牛津辭典完整版問世至今90週年，已收錄250個中式英語辭彙。 新華社18日發自倫敦的報導引述牛津大學出版社（中國）辭典總編輯劉浩賢表示，牛津辭典收錄新辭彙有幾種途徑。例如，有一個專為語言學研究而設計的電子語料庫，當中匯集不同類型的書面語和口語。根據這些語言的使用情況，語料庫會推薦備選詞。 一旦有了備選詞，編輯會進一步研究各種電子和紙質語料庫，以確保這個詞「在合理的時間長度」內有「足夠頻率」獨立使用。這個時間長度和頻率沒有統一標準，而是因詞而異。 劉浩賢說，還有一些詞盡管使用不是很頻繁，但因為具有特定的文化、歷史或語言意義，也會被收錄。 今年是牛津英語辭典完整版問世90週年。牛津辭典從2000年起，每隔3個月就會更新內容一次。 據牛津英語辭典編輯部提供的統計數據，這套辭典共收錄250個中式英語辭彙，其中50多個詞是在過去半個世紀加入。 這些有中國血統的英文辭彙中，不少與中國食物和傳統文化有關。例如，食物領域有hoisin（海鮮）、moo shu pork（木須肉）、shumai（燒賣）、wok（炒鍋）；服裝領域有qipao（旗袍）、samfu（衫褲）；醫學方面有qigong（氣功）、tuina（推拿）等。 劉浩賢還舉出他印象深刻且很有代表性的中式英語。例如，guanxi（關係）是華人社會中獨特的人際關係與文化現象，這種人際關係延伸到親朋好友、政治、商業、社會等方面。 劉浩賢說，英語演變受到許多語言和社會歷史因素的影響，因此牛津英語辭典必須不斷收錄在使用中已經成為英語的新詞。（編輯：馮昭/楊昇儒）1071119","國際"
"印尼有清真寺傳講激進主義  伊斯蘭領袖促根除","2018/11/19 15:28","（中央社記者周永捷雅加達19日專電）印尼國家情報局日前指出，印尼多間清真寺是散布激進主義的溫床。印尼穆斯林團體領袖、伊斯蘭學者理事會主席安明呼籲根除激進主義。 印尼國家情報局發言人瓦萬（Wawan Hari Purwanto）日前指出，根據印尼「伊斯蘭寄宿學校及社區發展協會」的調查報告指出，政府部會及國營事業周遭41間清真寺接觸到激進主義。這樣的調查結論是依據清真寺裡講師的布道內容有激進思想。 瓦萬強調，必須加以保護這些清真寺，遠離包括仇恨思想在內的激進主義。 印尼新聞網站「點滴網」（Detik）報導，對於這樣的調查報告，印尼總統佐科威角逐明年總統大選的副手、伊斯蘭學者理事會主席安明（Ma'ruf Amin）昨天表示，激進主義對印尼國家的完整性和長治久安是很危險的威脅，必須解決上述的問題。 安明說，所有形式的激進主義都可能變成衝突，威脅國家的團結，因此，最重要的任務是保衛國家免於少數組織想要破壞國家基石的行為，其中也包括激進主義。 今年75歲的安明在印尼穆斯林社群德高望重，對穆斯林團體深具影響力。 他指出，政府必須要能遏阻激進主義進入印尼，對於那些接觸激進主義的清真寺，必須立即清除激進主義思想。 印尼泗水今年5月發生連串自殺式炸彈攻擊，今年以來多處警局遭恐怖分子攻擊，外界憂心在極端主義的煽動下會刺激更多恐怖攻擊行動。 印尼警察總長狄托（Tito Karnavian）日前表示，民主制度賦予任何群體自由聚集和爭辯的機會，恐怖主義團體在社會各角落傳播激進思想。不過，泗水發生自殺式恐怖攻擊以後，警方有理由打擊任何涉嫌參與恐怖行為的人，並有權利對違法行為採取果斷行動。 自5月中旬泗水發生連串自殺式炸彈攻擊以來，印尼警方持續破獲激進恐怖分子網絡，迄今共逮捕至少197名恐怖分子嫌犯。（編輯：陳惠珍）1071119","國際"
"丁守中連勝文上菜  比拚愛妻料理","2018/11/19 15:26","（中央社記者黃麗芸台北19日電）中國國民黨台北市長候選人丁守中力拚選戰、勤走基層拜票，今天下午還和國民黨中央委員連勝文同台拚廚藝，烹煮愛妻料理一展高下，網路直播30分鐘就吸引逾1600人按讚。 丁守中下午和連勝文一起進行臉書直播，兩人在選前難得下廚做菜，一同烹煮愛妻料理「鮪魚義大利麵+玉米濃湯」，還特別選用在地食材料理。 兩人一邊煮菜一邊聊政見，忙不過來時還互相顧爐火、幫忙遞調味料和食材。 連勝文趁隙還向丁守中提出建議，若當選台北市長後，可定期下廚推廣和推動北市美食之都名聲，促進北市增加觀光財和人潮。 現場工作人員在旁表示「很難想像連勝文下廚做菜」，連勝文笑說，想像一下他以前比現在的體重要多25公斤，還拍拍自己肚子說「羅馬不是一天造成的」，笑言手上煮的那一大鍋麵，是他平常一人份的食量。 連勝文表示，自己其實常幫忙太太蔡依珊一起做菜，但常被她嫌粗手粗腳。今天他頻讚丁守中的刀功極具大廚風範，但現場還是小露一手，分享煮義大利麵的訣竅，就是在滾水中加入少許鹽可增添麵條香味。 丁守中則謙虛地表示，自己婚後就將廚藝功夫傳給妻子溫子苓，此後他就自廢武功、鮮少下廚了。 下廚不到20分鐘，丁守中就輕鬆完成玉米濃湯，他說，自己是取巧用玉米醬烹煮；不過，現場幕僚卻發現丁守中沒加雞蛋，他笑說，自己另外改放起司進去。 兩人同台下廚、氣氛歡樂，直播過程僅短短30分鐘，就吸引超過1600人按讚。（編輯：翁翠萍）1071119","地方"
"移民卡關美墨邊界 薩國新一批車隊仍啟程","2018/11/19 15:15","（中央社聖薩爾瓦多18日綜合外電報導）儘管美國誓言將把在美墨邊界尋求庇護的移民趕回母國，薩爾瓦多新一批約200人的移民車隊今天仍從首都聖薩爾瓦多（San Salvador）啟程追求美國夢。 這批車隊和上個月啟程的較大規模中美洲移民隊伍不同批次，今天這批在聖薩爾瓦多西部的廣場集合，隨後搭乘巴士前往薩國桑索納特（Sonsonate）。他們因為受不了幫派暴力和貧困生活，選擇逃離家鄉。 到了桑索納特，這批穿上保暖衣裳並背著背包的移民將搭巴士前往瓜地馬拉，然後朝美國挺進。這批移民之中有些人帶著小孩，整家人一起行動。 他們知道沒有美國簽證，事情就沒那麼簡單。 但帶5歲和13歲兒子一起上路的36歲單親媽媽波尼亞（Cecilia Bonilla）說：「事實是，我沒太多選擇。我不想離開，但我在這裡能做什麼？獨自一人扶養兩個孩子，沒有任何人幫助，而幫派威脅我們，所以最好還是離開。」 10月13日時，數千名宏都拉斯移民從汕埠（San Pedro Sula）出發赴美；到了10月底，另一批至少2000名薩爾瓦多人也組隊追尋美國夢，遠離家鄉的高失業率和幫派暴力。 教會及社福團體敦促政府拿出作為，解決促使人民出走的各項問題。 而此時在墨西哥蒂華納（Tijuana），當地體育館內擠進2500名中美洲移民，引發正反兩方的抗議浪潮。 58歲的孟羅伊（Esther Monroy）是反對移民陣營的一員，她說：「我們這裡大部分人靠進出邊境的人做生意，如果邊境關了，那都是他們的錯。」 同樣反移民的比亞（America Villa）則說：「如果政府不管一管，犯罪組織和毒梟會插手。我們不在乎誰出手，但他們要替這些人負責。」（譯者：侯文婷/核稿：蔡佳敏）1071118","國際"
"金融業認定實質受益人 持股25%不是唯一標準","2018/11/19 17:37","（中央社記者邱柏勝台北19日電）APG第三輪相互評鑑初評結果16日出爐，評鑑團認為台灣離岸金融業風險評估，尤其是實質受益人透明度不足。金管會主委顧立雄表示，未來傾向不再僅以持股25%門檻作為認定標準。 顧立雄今天出席107年度金融資訊系統年會暨成果發表會，會後接受媒體訪問時指出，本次亞太防制洗錢組織（APG）第三輪相互評鑑，評鑑團對台灣金融業主要提出3項缺失，首先是國際金融業務分行（OBU）的查核機制不夠深化，其次是金融機構防制洗錢辦法對於「實質受益人」的認定，是公司持股達25%以上；最後，洗防法的裁罰上限僅新台幣1000萬元，似乎過輕不具嚇阻力。 媒體提問，評鑑團認為OBU查核機制不夠深化，金管會是否會要求再進行一次清查OBU帳戶？對此顧立雄回答，金管會之前清查OBU，是要求關掉靜止戶，但查核機制的深化，是必須由銀行持續做好瞭解客戶（KYC）工作，主因在於境外金融中心的洗錢疑慮，始終屬於高風險領域，因此評鑑團認為銀行有必要持續深化OBU查核機制，甚至做到「風險體檢」。 在實質受益人認定方面，評鑑團認為，台灣金融機構防制洗錢辦法中對於最終實質受益人的認定，是持有公司股權25%以上，門檻過高。對此顧立雄表示，其實問題核心在於，金融機構防制洗錢辦法單純以股權比例作為實質受益人認定，不見得符合APG評鑑團對實質受益人的認定標準，「不一定股權未達25%，就不是實質受益人」。 因此他表示，金管會將召集各單位、尤其是銀行局共同研議，討論是否有可加強的措施，針對實質受益人的認定，未來也將傾向不再僅以持股25%門檻作為標準。 最後，評鑑團認為台灣洗錢防制裁罰過輕，恐無嚇阻效果。顧立雄表示，洗錢防制法最高罰金已經拉高到1000萬元，但洗防法對象包含金融業與非金融業，針對金融業部分，金管會已修正銀行法，目前已送入立法院審議，最高罰金也已提高至5000萬元。對於洗防法裁罰部分，會再與主管機關法務部研議。（編輯：張均懋）1071119","產經"
"宜蘭直達桃機客運啟航 車程最快約2小時","2018/11/19 15:21","（中央社記者沈如峰宜蘭縣19日電）宜蘭直達與往返桃園機場的統聯客運今天啟航，車程最快約2小時，原本單程全票要新台幣200多元，但在12月19日前，宜蘭縣民憑證只要88元，明年1月底前全票優惠168元。 過去宜蘭民眾若要出國，一般都要先搭乘國道5號大眾運輸客運抵達台北之後，再轉乘機場捷運或其他客運到桃園機場，過程中必須攜帶大大小小行李耗時在相關轉運車站中等待，也花費不少體力，單趟從宜蘭到桃機就要花費約3小時。 經過立委陳歐珀與鄭寶清爭取，宜蘭直達與往返桃園機場的統聯客運終於取得路權，並於上午11時在羅東轉運站首發啟航。陳歐珀、鄭寶清、統聯客運總經理朱玉書等人出席通車啟航儀式。 統聯客運表示，「1661線」宜蘭地區往返桃園機場的客運全年無休且24小時營運，每日提供往返各30班次服務，平均30至60分鐘一個班次。宜蘭地區停靠羅東轉運站、宜蘭轉運站及礁溪轉運站，沿途行經國道5號、國道1號五股楊梅高架道路、國道2號機場聯絡道直抵桃園機場；桃園機場設有第一航廈與第二航廈停靠站。每趟車程2小時到2個半小時。 票價方面，羅東轉運站到桃園機場，全票280元、半票140元；宜蘭轉運站到桃園機場全票250元、半票125元；礁溪轉運站到桃園機場全票200元、半票100元。 統聯客運宣布，即日起到明年1月底前有「試乘優惠」，全票168元、半票88元；此外，即日起到12月19日還推出「宜蘭縣民優惠」，縣民只要出示身分證明文件，購票可享88元優惠。 家住羅東的陳姓民眾今天搭乘首班車直抵桃園機場接機。他說，過去宜蘭到桃機要轉搭不同交通工具，轉乘過程中浪費不少時間，現在直達一票到底就能到達目的地，省去不少時間。 陳歐珀說，這條路線方便宜蘭民眾往返桃園機場，以後不但出國更方便，也能把國際遊客直接拉到宜蘭，促進宜蘭觀光。（編輯：李錫璋）1071119","生活"
"幫柯文哲站台遭質疑 陳景峻：扮演好副市長角色","2018/11/19 15:12","（中央社記者梁珮綺台北19日電）台北市副市長陳景峻昨晚在台北市長柯文哲造勢場合上呼籲民眾支持，民進黨台北市長候選人姚文智質疑這已牽涉黨紀問題。陳景峻今天說，他只是扮演好副市長角色而已。 陳景峻昨晚在柯文哲造勢場合上高唱「回鄉的我」及「春夏秋冬」2首歌，並大讚柯文哲勤政、清廉，值得市民「疼惜」，不該讓柯文哲就此謝幕，呼籲民眾支持。姚文智今天提出質疑，認為陳景峻已涉及黨紀問題，要求黨中央處理。 陳景峻下午接受媒體訪問時表示，他是台北市副市長，也是忠貞的民進黨員，數十年來始終如一，強調自己是有情有義的人，做人的道理是在長官有危難時、需要幫忙時挺身而出，而非在一旁袖手旁觀。 陳景峻說，他只是忠實呈現柯文哲勤政、清廉的一面，也是他做人處世的一貫風格，「這是我的政治倫理與行政倫理」，就像他之前擔任立委、台北縣三重市長、行政院秘書長時，「民進黨叫我去哪裡助選，我都去啊！」 他強調，「民進黨是很包容、寬容的政黨，不會因為一次選舉把優秀、忠貞黨員開除，我還是滿可愛的」，陳景峻說，在他擔任副市長期間，一直扮演白綠橋梁溝通角色，對於姚文智質疑，認為事情沒有這麼嚴重，「我只是一個很平凡的副市長」，感謝所有人把他看得這麼重要。（編輯：陳俊碩）1071119","地方"
"海揚屏農科設冷凍物流鏈 每日20貨櫃吞吐量","2018/11/19 17:01","（中央社記者郭芷瑄屏東縣19日電）國內水產業前3大貿易集團海揚集團，斥資新台幣6.8億元，在屏東農業生物科技園區設置水產加工廠及冷凍物流鏈，每天可容納20個貨櫃吞吐量，將攜手國內漁民前進全球外銷市場。 海揚集團今天舉行啟用開幕典禮，漁業署長黃鴻燕、屏東縣長潘孟安、屏東農科主任張淑賢及台灣糖業協會董事長曹啟鴻等人受邀參加。 黃鴻燕表示，台灣的海洋漁業已過度開發，政府目前正規劃把箱網養殖漁業推廣到更外海。 潘孟安表示，他從政以前就是從事漁產外銷工作，2年前，中國大陸停止收購石斑魚，讓屏東的石斑魚一公斤跌到60元，漁民叫苦連天，縣政府與海揚董事長薛屹砎合作，以每公斤高於市價20元的價格收購，讓石斑價格在3個月內回穩。 薛屹砎表示，潘孟安鼓勵他根留台灣，海揚2年前籌畫設廠時，縣府團隊幫了很大的忙，農科也協助資金等各項優惠，海揚農科廠建設了歐盟最高標準的水產加工廠及冷凍物流鏈，每日可容納20個貨櫃吞吐量，每日加工產能至少達40噸，總冷凍倉儲能力達1萬噸，未來第2期工程仍在規劃中。 薛屹砎表示，這是一支「水產界國家隊」，在養殖、銷售、加工一條龍攜手國內漁民前進全球外銷市場，將可為屏東、雲嘉南地區創造產值，並可在風災與天候異常前，協助農漁民保存搶收的農漁業品，幫政府做農漁業風險災害管理。（編輯：吳佳穎）1071119","產經"
"王品明年徵才1500人 加薪3%以上","2018/11/19 15:35","（中央社記者江明晏台北19日電）王品董事長陳正輝表示，因應集團規模持續擴展，明年將徵才1500人；今年員工除了年終獎金有1個月外，明年集團加薪幅度會優於政府標準，在3%以上。 王品今天在台中舉辦集團尾牙，席開780桌，共有7800人參與，今年適逢25週年，目前兩岸共有430店。 陳正輝表示，因應集團規模持續擴展，明年將徵才1500人，明年預估台灣還會再開2至3個新品牌，中國市場也會有2個新品牌。 王品執行長楊秀慧表示，下一個新品牌「丰禾日麗」會在農曆年前開出，主打台式合菜料理，首店落腳台北市林森商圈。 陳正輝表示，今年員工年終獎金有1個月，聽起來不多，但同仁平日都已先領過大部分的獎金；明年集團的加薪幅度會優於政府標準在3%以上。 王品去年每股純益達6.01元，從谷底回升，陳正輝說，今年獲利表現不如去年，但經過今年調整後，明年有機會達到或是超越2017年的成績。（編輯：郭萍英）1071119","產經"
"聯結車司機參政 貨櫃車打造成為行動競選總部","2018/11/19 15:46","（中央社記者魯鋼駿新竹縣19日電）43歲范文鴻從小家境困難，但靠毅力翻轉人生，成為貨運公司老闆，今年還決定參選新竹縣北埔、峨眉鄉議員，將每天陪伴他工作的貨櫃車打造成行動競選總部，隨時服務選民。 范文鴻是新竹縣北埔鄉人，從小跟著賣菜的父親在市場賣菜、賣豬肉，為了貼補家用、照顧弟妹，大學時用課餘時間到市場賣豬肉，20歲還拿出積蓄開了超商，22歲時又考到聯結車駕照，開大貨車賺錢，研究所時仍在開車工作與課業之間來回奔波。 范文鴻說，他在南部念研究所時，剛好承接地磚載運工作，每天南北來回送貨，有時得在休息站睡覺、洗澡，再送貨到目的地，因此常開著聯結車到學校念書，雖然辛苦，但他咬牙撐過，之後開了貨運公司，成為老闆。 范文鴻創立公司後，變得更加忙碌，工作接不完，導致無法在6年內完成碩士學業，這對好學的他來說，非常可惜，為了彌補從小到大沒能好好念書的遺憾，他利用開聯結車的空檔唸書，並用同等學歷報考博士班，今年成功錄取中華大學工程科學博士班。 成功翻轉自己人生的范文鴻，也一直希望能翻轉從小長大的故鄉，今年決定投入北埔、峨眉議員選戰，他將自己的聯結車打造成為宣傳車，車上的40呎貨櫃變成行動競選總部，希望在選前最後幾天，讓民眾看到他的決心與行動力。（編輯：李錫璋）1071119","地方"
"三大法人買超台股52.89億元","2018/11/19 15:00","（中央社台北19日電）台股今天漲31.60點，收在9828.69點，成交值新台幣916.65億元。三大法人全數買超，合計買超新台幣52.89億元。 台股今天在觀望氣氛濃厚下，維持平盤附近震盪格局，終場指數站回9800點，終場上漲31.60點、漲幅0.32%、收在9828.69點。 自營商買超7.2億元，投信買超3.39億元，外資及陸資買超42.3億元。三大法人合計買超52.89億元。 法人認為，在大選最後一週台股恐難擺脫震盪格局，若國際指數未出現明顯修正走勢，指數要大漲大跌不易，外資在10月大舉調節持股後，目前對台股持中性偏多的態度，台指期、選擇權多單部位都處近期高檔，短線也沒有出脫台股的理由。1071119","證券"
"東森攜手自然美 打造美麗新零售版圖","2018/11/19 14:59","（中央社記者江明晏台北19日電）東森國際取得自然美30%股權，雙方將攜手打造兩岸美麗新零售版圖，2年內整體加盟店數將成長到約3000家，盼業績翻倍；王令麟對台灣電商市場憂心，認為明年將是一片紅海。 東森國際透過旗下海外巴拿馬子公司取得香港上市自然美生物科技有限公司30%股權，投資金額約新台幣20億元，加上泛東森集團取得的股權共計持股55%，斥資約37億元。 「自然美」為老資歷的美容品牌，1972年由蔡燕萍創立，全球共有1000家門市以上，2017年營收約4億港元，獲利約1億港元，未來，自然美董事長將由雷倩出任，台灣及大陸各自然美附屬子公司董事長由廖尚文出任，總經理由林燕玲出任。 東森集團總裁王令麟表示，東森旗下整體美妝產品今年營業額可望達新台幣25億元，明年目標為33億元。 東森自然美未來將有4方向的經營策略，台灣將增加直營旗艦店的開拓，包含海外市場，2年內整體加盟店數將成長到約3000家，門市將融合店中店的新型態呈現，第二是垂直增加產品線；第三要強化品牌行銷，改造品牌；第四是會員經營深耕與大數據運用。 王令麟透露，對自然美的理想與願景，是希望明年業績翻倍，達到8、9億港元的成績，後年也還要再翻倍，期望能達到這個目標。 此外，東森購物在雙11業績飆升，但針對台灣電商市場，王令麟表示，「蠻憂心的」，未來是大者恆大的市場，蝦皮、淘寶都打進台灣，台灣的電商市場紅海應是明年開始，因此要發展自有品牌的產品。（編輯：楊凱翔）1071119","產經"
"旅客違規攜帶疫區肉品 一個月查獲逾200件","2018/11/19 15:15","（中央社記者吳欣紜台北19日電）中國大陸的非洲豬瘟疫情延燒，農委會防檢局10月18日起針對私帶疫區肉品的旅客開罰最高罰緩新台幣1萬5000元，根據統計，截至今天為止一個月期間，查獲超過200件案例。 中國大陸的非洲豬瘟疫情持續蔓延，目前已擴及19省/市/區，達74案例。防檢局為了防堵非洲豬瘟疫情入境，密切與關務署及海巡署等邊境查緝機關合作，針對非洲豬瘟入侵風險較高的管道，包含旅客行李及網購快遞、國際郵包輸入貨品等，以X光機、檢疫犬及人員查檢等方式加強檢查。 防檢局表示，根據統計，9月1日至10月17日止，旅客違規自中國大陸攜入未煮熟豬肉產品者共有26件，都裁罰最高額罰鍰1萬5000元。但由於違規攜帶肉品情形並無改善，因此自10月18日起，只要是違規從非洲豬瘟或口蹄疫疫區攜帶家畜肉類產品入境者，也都裁罰最高額罰鍰1萬5000元。 根據防檢局最新統計，10月18日至11月18日止，共裁罰209件，其中來自中國大陸有113件、越南66件、菲律賓12件、韓國5件、泰國及緬甸各4件、印尼2件、馬來西亞、新加坡及烏克蘭各1件。 防檢局也將違規攜帶的肉品送至家畜衛生試驗所檢驗非洲豬瘟病毒，已檢驗419件，分別於10月31日及11月9日各發現一件為陽性，其餘均為陰性。（編輯：陳俊碩）1071119","生活"
"共和黨參議員籲 2020年提名保守派人士挑戰川普","2018/11/19 14:51","（中央社華盛頓18日綜合外電報導）美國共和黨聯邦參議員佛雷克（Jeff Flake）今天表示，2020年共和黨黨內總統提名，應該要有保守派人士與川普競選。 向來敢於批評川普的佛雷克表示，他自己不會競選美國總統，但認為應該要有人這麼做。 他接受美國有線電視新聞網（CNN）「美國國情」（State of the Union）訪問時說：「我一直說共和黨需要有人出來競選，不為別的，就是要提醒共和黨人保守派的意思是什麼，保守派真正的意含，還有舉止得體的意思。」 參議員任期於明年1月結束的佛雷克警告，他的亞利桑那州選民反對「與總統如膠似漆」的候選人。亞利桑那州傳統上是共和黨大本營。 民主黨候選人席納瑪（Kyrsten Sinema）在期中選舉擊敗共和黨籍對手麥莎莉（Martha McSally），奪下佛雷克空出來的席位。 川普曾表示他「百分之百」確定會競選連任。（譯者：陳昱婷/核稿：鄭詩韻）1071119","國際"
"畢卡索失竊名畫疑現蹤 原只是惡作劇一場","2018/11/19 16:08","（中央社海牙18日綜合外電報導）2012年在荷蘭鹿特丹「藝廊」博物館（Kunsthal）失竊的畢卡索名畫「小丑頭」據傳在羅馬尼亞現蹤，不過誤以為發現這幅名作的荷蘭作家稍後說，自己成了「宣傳噱頭」的受害者。 檢方在聲明中說，「價值粗估達80萬歐元（91萬3440美元）的畢卡索名畫昨天晚間在土爾徹縣（Tulcea）現蹤，反組織犯罪檢察官正在調查相關情事」，還說專家正在鑑定畫作真偽。 檢方說，兩名荷蘭公民帶著畫作來到荷蘭駐布加勒斯特（Bucharest）大使館，說他們在羅馬尼亞東南部的土爾徹縣發現它的蹤跡。 曾根據這起名畫竊盜案撰寫小說的羅馬尼亞裔荷蘭作家費蒂古（Mira Feticu）約在10天前接獲一封以羅馬尼亞文撰寫的匿名信，指引畫作藏匿地點。費蒂古和荷蘭記者魏斯特曼（Frank Westerman）依照信中指示，在羅馬尼亞東部一處叢林挖出一幅用塑膠袋包裹的畫作。 然而，費蒂古今天晚間卻對荷蘭廣播基金會（NOS）說，她成了比利時安特衛普（Antwerp）兩名導演宣傳噱頭的受害者。 費蒂古說，她接到這兩名比利時導演的電郵，說這封信是「真實副本」（True Copy）計畫的一環，以向荷蘭畫家兼贗品製作者揚森（Geert Jan Jansen）致敬。在揚森於1994年落網前，歐洲和其他地區的藝術收藏品充斥出自他手的贗品。 德國之聲（DW）報導，魏斯特曼說，這是個好玩笑，還說自己「在無意中參與了一項藝術計畫」，令他發噱，但他也說，費蒂古可是非常生氣。 路透社報導，當年失竊的7幅畫作包括畢卡索（Pablo Picasso）的「小丑頭」（Tete d'Arlequin）、馬蒂斯（Henri Matisse）的「穿著白黃衣裳閱讀的女子」（La Liseuse en Blanc et Jaune）、莫內（Claude Monet）的「倫敦滑鐵盧橋」（Waterloo Bridge, London）及「倫敦查寧閣橋」（Charing Cross Bridge, London），價值連城，荷蘭媒體將這樁藝術界最戲劇化的名畫竊盜案之一，稱作「世紀竊案」。 此外，當年不翼而飛的畫作還有高更（Paul Gauguin）的「敞開窗前的女孩」（Femme Devant une Fenetre Ouverte）、迪漢（Meyer de Haan）的「自畫像」（Autoportrait）及佛洛伊德（Lucian Freud）的「閉著雙眼的女人」（Woman with Eyes Closed）。 儘管竊走名畫的羅馬尼亞籍雅賊和其同夥在2013年遭定罪，這些畫作依然不見蹤影，羅馬尼亞專家認為，為了湮滅證據，至少3幅作品已被燒毀。（譯者：劉文瑜/核稿：鄭詩韻）1071119","文化"
"大醫院門診減量2%  13家醫學中心達標","2018/11/19 14:42","（中央社記者陳偉婷台北19日電）衛福部從今年7月推大醫院門診減量2%，第一季已見成效。90家大醫院中有70家達標，其中19家醫學中心有13家達標。未達標部分健保不予給付，預計減少給付1.33億點。 為落實分級醫療，衛生福利部中央健康保險署從今年7月1日起區域級以上醫院須門診減量一年減2%，以初級照護、輕症、穩定慢性病人為主。醫院若減量目標沒有達標，未達標部分，健保不予給付。 根據健保署統計，今年7到9月，90家區域級以上醫院（已扣除未設減量標準的13家精神疾病、癌症專責醫院及門診量少的醫院）中，有70家達到減量2%標準，達成率77%。其中醫學中心19家有13家達標，達成率68%、區域醫院71家，有57家達標。 達標的13家醫學中心包含台大醫院、國泰綜合醫院、馬偕紀念醫院、新光吳火獅紀念醫院、亞東紀念醫院、林口長庚紀念醫院、台中榮民總醫院、中國醫藥大學附設醫院、彰化基督教醫院、奇美醫院、高雄榮民總醫院、高雄長庚紀念醫院、高雄醫學大學附設中和紀念醫院。 健保署長李伯璋下午接受中央社記者採訪時表示，分級醫療是政府重點政策，希望大醫院可以依據醫院特性做醫務管理，將輕症病人下轉，可減少大醫院醫療資源浪費及門診壅塞。 李伯璋說，根據觀察，目前有達標的大醫院都跟下轉基層院所保持很好的默契，小問題、長期慢性病病人可轉到地區醫院、診所照顧，如果病情改變，基層也會把病人上轉，共築對病人有利的照護網。 李伯璋表示，有些醫院執行上遇到困難，如民眾會慕名而來，很難拒絕；或有些病人有多重器官問題，常在醫院看很多科。但這些問題都可以透過醫院管理解決，如和基層合作提供好的醫療網、在醫院開設整合門診，多重問題的病患只要看一次診就可解決問題，就能減輕門診量，避免不必要的浪費。 根據健保署統計，今年7月至9月，大醫院門診減量2%未達標的醫院，估計約1.33億點（1點約新台幣0.9元）不予給付。（編輯：陳俊碩）1071119","生活"
"新疆哈密促涉暴恐投案自首  從輕處罰","2018/11/19 14:38","（中央社台北19日電）中國新疆維吾爾自治區哈密市昨天通告，呼籲涉「暴恐犯罪」及「受三股勢力毒害」人員，在30天內期限內主動投案自首，屆時將依法從輕或減輕處罰。 觀察者網今天報導，據中共哈密市網絡安全和信息化委員會辦公室（網信辦）微信公眾號18日消息，為依法懲治民族分裂、暴力恐怖、宗教極端勢力（簡稱「三股勢力」）違法犯罪行為，保護公民人身財產安全，同時給受「三股勢力」毒害人員改過自新、爭取寬大處理的機會，因而發布通告。 哈密市已發布最新版「敦促涉暴恐犯罪人員及受『三股勢力』毒害人員投案自首的通告」，促所有涉暴恐犯罪人員及受「三股勢力」毒害人員，30天內向司法機關投案自首、坦白交代違法犯罪事實。 通告列出應投案自首的情形有18種，除了組織、策劃、實施、參與分裂國家，與境內外恐怖組織聯繫等情形者，包括私自組織人員學經、講經、解經，為學經講經解經提供場地、提供便利，送未成年子女、學生學經，也應投案自首。 其他應投案自首的情況還有：以違反宗教教義教規、民族風俗習慣等為由，煽動他人拒絕使用或阻撓使用人民幣，公開毀損或拒絕、阻撓使用政府製發證照，違反婚姻登記、計劃生育、義務教育等法律、政策。 以及，以念「尼卡」等宗教儀式結婚，未依法辦理離婚手續以念「塔拉克」離婚，以宗教為由重婚、干涉計劃生育政策等。 18種情況者須自通告下發日起30天內投案自首。在通告期限內主動投案自首者，依法從輕或減輕處罰；投案自首並有重大立功表現者，依法減輕或免除處罰。（編輯：馮昭/張淑伶）1071119","兩岸"
"選前倒數  駐日代表謝長廷陪姚文智車隊掃街","2018/11/19 15:36","（中央社記者王揚宇台北19日電）駐日代表謝長廷今天陪同民進黨台北市長候選人姚文智到大同區進行車隊掃街；謝長廷受訪說，這次選舉是台灣民主發展的一個關鍵，也是真跟假的戰爭。 姚文智競選辦公室表示，今天掃街路線從保安宮出發，行經大龍街、酒泉街、延平北路、長安西路、塔城街、迪化街等路段；掃街車隊出發前，謝長廷接受媒體聯訪，掃街過程不少支持者拿著姚文智的選舉旗幟高喊「凍蒜」，也有住戶打開窗戶或在頂樓，揮手和姚文智與謝長廷打招呼，給姚文智加油打氣。 記者問謝長廷關於北市選戰情況，以及這次選舉充斥假新聞等問題。謝長廷說，民主社會就是票沒開出來，大家都不知道結果，所以預測選情，誰當選、誰不當選、誰好誰壞，這都是預測，沒什麼意義。 謝長廷說，這次中國一些網軍或五毛介入假新聞、假消息，這是台灣民主發展的一個關鍵，坦白講這是一場真跟假的戰爭，希望大家站在真的一面，台灣永遠保持真實有感情的一面，也要反造假、反霸凌，希望支持他理念的人通通站出來，台灣大團結，霸凌就會消失。 針對姚文智宣布請辭立委後，前立委蔡正元在臉書「開酸」，謝長廷指出，酸人的總是有，不要哪一個（人）在「酸」就被綁住、不能前進，至少姚文智很有勇氣也說到做到，這不容易，「酸的就讓他酸，我們也不能把他嘴巴塞巧克力，叫他不要酸、變成甜的」。（編輯：翁翠萍）1071119","地方"
"黃敏惠發布形象影片 馬英九促青年返鄉投票","2018/11/19 15:30","（中央社記者江俊亮嘉義市19日電）前總統馬英九今天出席國民黨嘉義市長候選人黃敏惠形象影片發布記者會，共同鼓勵北漂青年返鄉投票，用手中的選票來改變嘉義。 馬英九昨晚到嘉義市參加中國國民黨「2018翻轉雲嘉嘉南─堅定向前團結勝選晚會」後，就陪同黃敏惠赴文化路夜市掃街拜票，今天一整天更陪同黃敏惠跑行程。 今天上午，馬英九陪同黃敏惠前往多家廟宇參拜，中午出席黃敏惠「未來嘉義市」形象影片發布記者會；下午排定前往九華山地藏庵、文財殿參拜，並參訪嘉義市脊髓損傷協會、嘉愛啟智發展中心等機構。 黃敏惠表示，感謝馬前總統6度到嘉義市為她助選，她今天提出的青年政見，是要讓青年在嘉義有好生活，用經濟來升格，讓錢財流進來，人才留下來，成為雲嘉南最年輕化的幸福城市。 馬英九指出，執政黨讓觀光人口停滯不前，這不是只是地方的問題，更是全台灣同時面臨的困境，嘉義市是很有潛力的城市，相信在黃敏惠的帶領下，將成為雲嘉南生活圈的蛋黃區。 他話鋒一轉表示，嘉義市長涂醒哲連續3年在22縣市評比都是最後一名，「他還好意思選，實在令人納悶」、「如果這次還讓涂醒哲當選，嘉義市還有什麼希望呢？」 馬英九表示，高雄市長候選人韓國瑜之所以在高雄受重視，是因為說出高雄「又老又窮」、「要貨物賣得出去，人進得來，高雄就發大財」，這幾句話說到高雄人心裡去了。 他指出，嘉義市的痛點是經濟不好、就業機會少、人口老化嚴重、年輕人缺少競爭的動力，整體環境不適合青年生活，因而造就許多青年北漂。 因此，馬英九鼓勵北漂青年返鄉投票，用選票改變嘉義，讓黃敏惠提出的「100大品牌品拼經濟．100種幸福在嘉義」的願景成真。（編輯：陳俊碩）1071119","地方"
"北韓軍人去年冒死投誠南韓 日媒：他是將領之子","2018/11/19 14:28","（中央社東京19日綜合外電報導）據日本媒體報導，去年在槍林彈雨中冒死向南韓投誠的北韓軍人吳青成是一名北韓將領的兒子。他表示，像他這種年紀的北韓年輕人，大多沒有效忠領導人金正恩。 吳青成（Oh Chong Song，譯音）去年11月冒死穿越非軍事區板門店，遭到北韓同袍開槍擊中，戲劇性的投誠事件躍上全球媒體頭條，他身受重傷送醫。北韓軍人在板門店叛逃的情況很罕見。 日本產經新聞報導，25歲的吳青成是一名北韓將領的兒子，還說這是這名「脫北者」首次接受媒體採訪。 儘管他形容自己出身「高層」的權貴家庭，他覺得自己對北韓領導層不具忠誠度。 吳青成說：「北韓境內的人民，尤其是年輕一代，對彼此、政治和領導層都漠不關心，沒有忠誠度。」 他對金正恩政權「冷感」，朋友對此有何感受，他也沒興趣知道。他說：「我這一輩的大概8成都很冷感，不具忠誠度。」 「因為世襲制被視為既定事實，自然就沒有興趣或忠誠度可言，管他能否養活人民。」 吳青成也否認南韓媒體所報導，報導說他在北韓殺了人而遭通緝。 產經新聞報導，他和朋友有些不愉快後開始喝酒，在他開車返回崗位的途中衝撞檢查站，因為擔心被處決才決定繼續叛逃。他說：「我怕我回去會被處決，所以就穿越邊界。」他還說自己不後悔叛逃。 產經新聞報導，日本情報官員已證實吳青成身分，產經新聞網站還上傳短片，可見他穿黑外套和白上衣，但沒有露臉。（譯者：盧映孜/核稿：鄭詩韻）1071119","國際"
"胡波遺作可望在台上映  陸片配額制有待討論[影]","2018/11/19 17:36","（中央社記者江佩凌、鄭景雯台北19日電）入圍金馬獎的中國大陸電影能否在台灣上映討論多年，由於文化部的陸片配額抽籤制度，每年僅抽出10部大陸電影獲在台上映權；不過，若奪金馬最佳劇情片和最佳導演，就能免抽籤。 對於配額制度是否有調整的空間，文化部影視局表示，有關中國大陸電影來台灣觀摩及發行映演之數量，文化部將就兩岸平等互惠、產業利益與民眾觀影權益等面向，廣徵社會各界及業界意見。 今年金馬獎除捲入政治言論風波，陸片配額制度也成話題之一，金馬55主持人陶子在典禮上邀評審團起身接受眾人致意後，提到「你們是不是很想看所有入圍的電影？是否能讓每年入圍的電影都給所有人看到？」向文化部長鄭麗君喊話開放陸片限制，也迎來現場觀眾掌聲。 依據「大陸地區影視節目得在台灣地區發行映演播送之數量類別時數」規定，每年僅有抽中前10名的作品，才能獲在台上映的資格，今年共有71部陸片參與，中籤率只有14%，其中更有連續2、3年未中籤的電影，當然也有已在大陸上映多時的舊片。 今年順利抽中配額的作品依序包括：南方車站的聚會、神探蒲松齡之蘭若仙蹤、阿拉姜色、吹哨人、解碼遊戲、給19歲的我自己、降魔傳、平靜冬日、唐人街探案2、情聖2；可惜的是，不少提名金馬的強片都沒抽中，包括「江湖兒女」抽到33號、「地球最後的夜晚」抽到37號、「你好，之華」抽到第43號。 不過，依照規定，抽中配額的前10部作品中有任何一部放棄，後面則可依序候補；因此，今年金馬獎大贏家、獲頒金馬最佳導演張藝謀的「影」，去年抽籤排名第11，今年便依循此模式，確定年底在台上映，由傳影互動發行。 特別的是，若能在金馬獎獲頒「最佳劇情片」和「最佳導演」，就能免抽配額，直接擁有在台上映的權利；因此，已故導演胡波的「大象席地而坐」雖然抽到排名第28，但最後奪下最佳劇情片，可免抽配額，直接獲台灣院線發行、映演權，未來可望在台上映。 綜觀華語影壇，金馬獎是外界公認最公正的平台，但在配額制度下，台灣觀眾無緣欣賞到所有入圍金馬的陸片，也讓不少電影創作人失去學習、交流的機會，至今依舊出現「不合時宜」的聲音，陶子則直接在鄭麗君面前請命，盼陸片配額制度有討論的空間。 根據參與過台片在大陸上映行銷的相關人士指出，雖然陸方未針對台灣電影限制數量，但內容審核上卻是非常嚴格，所有想要在大陸上映的台片，都需經過陸方「廣電總局」審批，涉及過於暴力、情色、怪力亂神等情節的電影，幾乎無法過關，能進得去的，也多少遭刪減內容。 相關人士認為，影人在創作自由、風格多元的台灣拍片，題材自然百花齊放，但要進攻大陸，卻是難上加難，每年可在大陸上映的電影，都只在10部以內，因為陸方審核標準不在國籍，而是台片內容必須符合官方規定。（編輯：唐聲揚）1071119","娛樂"
"南韓官員訪華府 說明兩韓鐵路安排","2018/11/19 14:24","（中央社記者姜遠珍首爾19日專電）南韓外交部今天指出，半島和平談判部長李度勳今天啟程訪美，期間將會晤國務院北韓政策特別代表畢根，說明兩韓鐵路連接與北韓非核化等發展。 南韓聯合新聞通訊社報導，李度勳與畢根（Stephen Biegun）會面將評估朝鮮半島近期局勢，就實現非核化與建立和平機制交換意見。 雙方還將討論可能在月底舉行的北韓與美國高層會談與對北韓談判戰略，北韓與美國代表原定11月8日會晤，但因故延期。李度勳在美期間，也將出席韓美對北韓事務聯合工作小組首次會議。 此外，南韓統一部官員及青瓦台人士也陪同李度勳訪問華府，南北韓跨境鐵路動工儀式及聯合考察北韓路段等也是重要議題。 南北韓原定10月下旬聯合考察京義線跨境鐵路路段，但平壤非核化緩慢，美方不支持這項計畫。（編輯：廖漢原）1071119","國際"
"前紐約市長彭博創紀錄  捐555億給大學母校","2018/11/19 14:59","（中央社紐約18日綜合外電報導）前紐約市長彭博今天指出，他將捐贈18億美元（約新台幣555億元）給母校約翰霍普金斯大學（Johns Hopkins University），據信這是美國大學院校史上最高額助學捐款。 彭博（Michael Bloomberg）表示，他捐款幫助符合資格的中低收入學生，使他們更容易讀得起大學。美國頂尖學校的高等教育費用，每年動輒超過5萬美元，對大部分家庭來說難以負擔。 彭博投書「紐約時報」（New York Times）寫道：「我很幸運：我父親是一名記帳員，每年賺的錢從未超過6000美元。但透過國防助學貸款，且在校園內工作，我才能讀得起約翰霍普金斯大學。」 「霍普金斯大學文憑幫我打開大門，讓我實現美國夢，不然我根本就沒有機會。」 彭博在大學畢業後的第一年就回饋母校，雖然僅是捐5美元給約翰霍普金斯大學。自此之後，他已陸續捐贈了15億美元供研究、教學和助學。 這筆新捐款超過以往，以助學金形式幫助符合資格的清寒家庭學生。 彭博還寫道：「我想讓給我機會的母校，能永久為他人敞開同樣的機會之門。」 美聯社報導，76歲彭博是全球金融服務和媒體公司「彭博有限合夥企業」（Bloomberg LP）的創辦人，他也是全球最有錢人之一。 彭博1964年畢業於約翰霍普金斯大學，2002年至2013年擔任紐約市長，且多年來一直考慮角逐白宮大位，包括下一屆2020年總統大選。（譯者：陳彥鈞/核稿：陳亦偉）1071119","國際"
"香港占領中環與雨傘運動  一次看懂","2018/11/19 14:30","（中央社台北19日電）2014年9月28日在香港爆發的「占領中環」（後稱「雨傘運動」），目的是為了爭取在2017年香港特首選舉落實真普選，抗爭行動持續到當年12月15日落幕，估計香港700萬人中有120萬人參與。 「讓愛與和平占領中環」運動由香港大學法律系副教授戴耀廷發起。他在2013年1月16日發表文章，提出占領中環，主張以非暴力的公民抗命方式，由示威者違法地長期占領中環要道，以癱瘓香港的政經中心，迫使北京改變立場。 2013年3月27日，戴耀廷及中文大學社會學系副教授陳健民和牧師朱耀明共同發表「讓愛與和平占領中環」信念書，表示運動的目標是要爭取2017年普選特首，認為運動的成敗取決於公民的覺醒，預計2014年7月舉行。他們3人被稱為「占中三子」。 2014年6月20至29日，占領中環舉行全民投票，選出3個普選方案呈交港府，共有超過79萬人參與，在香港引發熱烈討論。 2014年7月1日，「七一大遊行」後，香港專上學生聯會與學生組織學民思潮（簡稱雙學）發起於中環遮打道集會「預演占中」，2日凌晨遭港警驅散清場，共有511人被捕。 2014年8月31日，中國全國人民大會常務委員會在北京舉行會議，為2017年的行政長官選舉辦法定下了提名委員會的人數、組成、委員產生辦法和候選人出閘門檻等具體框架。戴耀廷稱831為最黑暗的一天，宣布和平對話之路已走盡，占中必定發生。 2014年9月26日，學民思潮黃之鋒等人發起罷課，並在當晚號召參與人士衝往政府總部重奪公民廣場。黃之鋒被捕後，引發8萬人於27日晚間集會抗議。 2014年9月28日凌晨，「雙學」發起圍堵政府總部，強烈要求中國人大會常委員會撤銷對香港政改的決定，「占中三子」與「雙學」達成共識，宣布啟動「占中」。 「占中」啟動當天，數以萬計學生及市民占據了靠近香港政府總部的金鐘干諾道中路段，堵塞往來交通。同一天傍晚，警方在金鐘向示威者施放了87枚催淚彈，試圖驅散他們，以恢復交通，但此舉引發民憤，激發更多人上街，把占領地延伸至港島銅鑼灣和九龍旺角的要道。 在警方施放催淚彈後，「占中三子」曾一度呼籲學生離去，但「雙學」並未理會，反而更加積極介入，因為民眾紛紛持雨傘上街抵抗警方催淚彈，其後占領行動也被許多境內外媒體稱為「雨傘革命」、「雨傘運動」。 此後，「雙學」取代「占中三子」，成為這場運動的主導組織，並獲得泛民主派包括工黨、公民黨和民主黨全力支持。 2014年9月29日至10月1日，「占中」達到高峰，連續3晚有20萬人上街頭。「占中」初期，「雙學」提出的訴求包括特首梁振英下台、人大撤銷對香港2017年政改的有關決定，以及特首候選人須實行公民提名。「雙學」表示，如果港府不答應上述訴求，他們不會放棄占領。 由於「占中」影響民生及交通，10月底，港府讓步，派遣政務司長林鄭月娥等官員與學聯代表包括秘書長周永康等人對話，期間學聯放棄要求梁振英下台，僅提出人大撤銷有關決定等。但雙方還是各說各話。其後，雙方擱置對話。 在港府官員和學聯對話後，戴耀廷和陳健民於11月初先後回到學校任教，外界把他們此舉解讀為「淡出占中」。 2014年11月26日，「占中」踏入60日，警方在旺角占領區進行清場，連續兩天行動成功驅離示威者，恢復區內交通。 面對警方的強力清場及港府遲遲不回應訴求之下，「雙學」決定升級行動，於11月30日發起包圍政府總部行動。 2014年11月30日晚間，數千人響應號召包圍政總，期間有數百人占領附近的龍和道，結果與警方爆發激烈衝突，造成一些人受傷。這起衝突受到社會各界譴責，即使泛民中有人也不認同這種行為，令「占中」陷入低潮，而「雙學」也承認此舉失敗，並向傷者道歉。 2014年12月2日，「占中三子」宣布他們發起的「占中」正式結束，呼籲學生撤離街頭。他們隔天將前住中區警署自首，表示要為「占中」承擔法律責任。 2014年12月11日，警方在金鐘展開清場行動，共有247人被捕，包括學聯秘書長周永康及15名泛民立法會議員。 2014年12月15日，警方在銅鑼灣及立法會外示威區展開清場行動，由「占中」至雨傘革命而引發的一連串占領行動宣告落幕。 香港警務處長曾偉雄表示，在長達79天的「非法占領」行動中，有955人被捕，另有75人自首。期間，有130名警員受傷，另有221名示威者受傷。 香港中文大學傳播與民意調查中心事後進行民調，顯示約兩成受訪者曾到現場參與，推算出約有120萬港人參與占領行動。（編輯：楊昇儒/張淑伶）1071119","兩岸"
"台股震盪收紅站回9800點 傳產股扮主角","2018/11/19 14:22","（中央社記者韓婷婷台北19日電）台股今天在觀望氣氛濃厚下，維持平盤附近震盪格局，雖然台積電走跌，但傳產股在食品、造紙挺住指數，終場指數站回9800點。 加權股價指數終場上漲31.60點、漲幅0.32%、收在9828.69點、成交值新台幣916.65億元，台積電下跌1.77%壓抑指數上漲力道，鴻海跌幅也達1.21%，所幸股王大立光大漲3.35%，被動元件、二線光學也有買盤支撐，先前弱勢的蘋概股也具支撐，電子股人氣不致潰散。 分析師表示，台股今天量能萎縮，成交值為近5個交易日新低，由於逼近九合一選舉，市場觀望氣氛轉趨濃厚，多空都不敢輕舉妄動，加上國際股市表現相對平穩，台股持續在9700點至9900點之間盤整格局。 分析師指出，台股10月下旬在9400點觸底後，雖然一度彈至萬點之上，但近期呈現量縮整理格局，中小型股表現較權值股來得凸出，櫃買指數今天收在1個多月以來新高，顯示內資在第3季財報出爐後，有進場著墨具題材族群的動作。 法人認為，在大選最後一週台股恐難擺脫震盪格局，若國際指數未出現明顯修正走勢，指數要大漲大跌不易，外資在10月大舉調節持股後，目前對台股持中性偏多的態度，台指期、選擇權多單部位都處近期高檔，短線也沒有出脫台股的理由。（編輯：黃國倫）1071119","證券"
"陽明攜手東京大學 台日共創醫學教研未來","2018/11/19 14:46","（中央社記者許秩維台北19日電）陽明大學醫學院與日本東京大學醫學院今天簽訂5年教學研究協定，陽明未來將聘任東大師資參與教學，讓醫學教育更國際化，雙方還將共同開創亞洲高齡醫學研究。 陽明大學今天發布新聞稿表示，陽明醫學院於1975年設立，1994年改制為陽明大學，以培養仁心仁術且富人文思維的優秀人才為目標，除了開創「問題導向學習」的醫學教育模式，也和國際知名大學合作「醫師科學家」創新課程，更首創「醫師工程師」的教育模組，來培養跨域醫學人才。 積極建立國際合作網絡的陽明大學，過去曾和約翰霍普金斯大學、加州大學聖地牙哥分校、杜克大學等國際知名學府建立教研合作，陽明大學醫學院今天也與亞洲最知名的東京大學醫學院建立5年教學研究協定，明確建立雙方教師與學生的交流與合作機制。 陽明大學表示，日本是全球人口高齡化程度最高的國家，台灣則是人口高齡化速度最快的國家，由於歷史文化與地理因素，雙方在高齡議題交流的意義高過與歐美的連結，針對亞洲的人口高齡化挑戰，雙方攜手共創亞洲健康老化模式，並制訂高齡疾病診斷與治療準則，更具高度學研意義。 陽明大學指出，透過和東京大學醫學院合作，除了以提升陽明教研國際接軌能力為目標，也包含與東京大學共同開創亞洲高齡醫學研究的積極意義，未來也將聘任東京大學的師資參與教學，希望讓醫學教育更為國際化，並提供陽明醫學院學生走向國際一流人才所需的教育。（編輯：李錫璋）1071119","生活"
"日本防非法打工 留學簽證審查趨嚴","2018/11/19 15:16","（中央社記者楊明珠東京19日專電）日本東京入國管理局表示，對於想到日本語言學校等就讀的外籍人士申請居留資格（簽證）的審查趨於嚴格，這是為了防止有些人以留學生身分到日本卻非法打工。 日本朝日新聞報導，法務省表示，截至2017年年底，在日本的外籍生約有31萬人，相較於5年前，增加逾10萬人，其中有些人被認為是為了打工而到日本。 因勞工不足，日本政府將擴大引進外籍勞工列為重要課題，期待涵蓋新居留資格的出入國管理法（出入境管理法）修正案能在國會通過。這項法案如果通過，將對想到日本工作的外籍人士開闢新途徑，而想到日本留學的外籍人士可能減少。 到日本的留學生，主要是4月和10月入學。根據東京入國管理局（東京入管）的資料，外籍人士申請今年4月入學的案件有2萬9801件，發放件數占77.7%。10月入學的申請案1萬6495件，僅發放65.6%。 以國籍來看，針對尼泊爾籍留學生的居留資格發放率從約48%降至約8%、斯里蘭卡籍從約51%降至約3%、孟加拉籍從約58%降至約3%、緬甸籍從約74%降至約20%。中國籍或越南籍則維持在約9成，沒太大變化。 上述是東京入管的情況，日本其他地方也有同樣的傾向。 東京入管表示，鑑於有的留學生違法打工，實施嚴格審查的結果，居留資格發放率降低，但這並非以國籍為由，因為想到日本留學的外籍人士在申請時需提出日語能力、支付學費能力的證明等文件，有些文件被發現造假。 東京入管的資料顯示，今年4月入學的留學生申請件數，越南籍人士通過的件數是8692件（發放率84.8%）、10月入學的是2760件（發放率88%）。中國籍4月入學的是8297件（發放率90.7%）、10月入學的是5774件（發放率97.2%）。尼泊爾籍4月入學的3847件（發放率48%）、10月入學的是2418件（發放率8.4%）。（編輯：陳永昌）1071119","國際"
"藍營質疑超越基金會金流 蘇貞昌：資料公開透明","2018/11/19 14:13","（中央社記者王鴻國新北19日電）民進黨新北市長候選人蘇貞昌今天對國民黨議員質疑有關超越基金會收支金錢流向問題表示，是否對手要打烏賊戰？他的資料公開透明，何況帳冊資料都報新北市教育局審核管理。 新北市議員林國春與林金結今天於新北市議會召開記者會，他們質疑蘇貞昌的超越基金會近年平均收入約1000萬元，103年的收入達新台幣1148多萬元，人事費用卻從平均約300萬元暴增為700多萬元。蘇貞昌的女兒蘇巧純的公司也在當年成立，他們呼籲蘇貞昌應說清楚金錢流向等問題。 蘇貞昌今天上午受訪時對藍營的質疑表示，他的是教育文化基金會、財團法人，國民黨新北市長候選人侯友宜的是營利的公司，再怎麼樣的錢都不如侯一年的租金。 蘇貞昌指出，他的基金會是為了孩子的教育、孩子的未來，每年所做的事都有影片有成績，都公開透明，還剛得到社會貢獻獎。所有的一切，包括帳冊資料都報新北市教育局審核管理，如果有任何問題，那新北市政府這幾年豈不是都失職。 蘇貞昌對超越基金會的運作表示，「我們都是經得起檢驗」，怎麼到選舉剩最後5天突然有議員跳出來，他質疑議員是要做打手呢？還是放煙幕彈打烏賊戰呢？還是要轉移焦點，讓不敢辯論、經不起檢驗的侯友宜脫身，大家都可以用選票來做判斷。（編輯：陳俊碩）1071119","地方"
"掩埋場容量剩1成 環署：110年活化60萬立方公尺","2018/11/19 14:09","（中央社記者吳欣紜台北19日電）全台共67處掩埋場正在營運，但其容量平均僅剩約1成，立法院今天審查環保署預算，立委質疑垃圾掩埋場活化計畫效率不彰，環保署表示，目標110年活化60萬立方公尺。 立法院社會福利及衛生環境委員會今天審查中華民國108年度中央政府總預算關於行政院環境保護署主管預算（公務預算及基金）案。 民進黨立委黃秀芳提案指出，台灣垃圾掩埋場容量瀕臨上限，截至今年6月底，全台營運中垃圾掩埋場容量平均僅剩11.2%，且有13處掩埋場已飽和無剩餘容量，環保署辦理「提升天然災害廢棄物應變處理能量設施計畫」，截至8月已活化兩處掩埋場，但仍有34處停用或未使用的掩埋場沒有發揮功能，質疑經費運用效益不如預期。 對此，環保署環境督察總隊總隊長李健育則回應，全國運作中的掩埋場有67座，剩餘容量不足，行政院在105年4月26日核定「提升天然災害廢棄物應變處理能量設施計畫」，規畫105到110年補助地方辦理活化，目標為60萬立方公尺，並由中央控管40%空間，作為天然災害及不適燃廢棄物處置使用。 李健育表示，目前第一階段已補助高雄市、台南市、嘉義縣、新竹縣及宜蘭縣等5縣市4.34億元辦理掩埋場活化工作，其中高雄市、嘉義縣及台南市已發包完成開工施作中，高雄市及嘉義縣預計明年3月前完工，新竹縣則正辦理工程規畫設計工作，宜蘭縣辦理納入預算程序行政作業。 李健育也強調，明年會持續辦理第二階段掩埋場活化工作，盼能解決掩埋場掩埋容量不足等問題。（編輯：李錫璋）1071119","生活"
"英媒指發起逼宮門檻將達 梅伊老神在在","2018/11/19 14:08","（中央社倫敦18日綜合外電報導）英國「太陽報」披露，距發起保守黨內不信任投票門檻的48票，目前僅差6票。但首相梅伊表示，這週她仍會回到布魯塞爾討論英國與歐盟的未來關係，逼她下台也無助於重啟談判。 根據報導，隨著高史密斯（Zac Goldsmith）及凱希（Bill Cash）2名議員加入，讓已公開宣布提交不信任函者達25人，此外另有17人私下表示已提交，距離保守黨「1922委員會」啟動不信任投票的48票門檻，只差6票。 即便啟動不信任投票，仍得保守黨內315名議員中過半的158人對梅伊投下反對票，梅伊才會下台。目前看來過半機率不高；若梅伊挺過，未來一年將無法再發動不信任案。 梅伊政府上週與歐盟達成脫歐協議草案後，引發英國國內譁然，英國國會痛批協議對歐盟讓步過多，保守黨內反對派也蘊釀逼宮。但梅伊表示，當雙方都對攸關未來關係的協議感到滿意，才會簽署。 梅伊（Theresa May）表示，本週將是脫歐談判的「關鍵」。她接受電視台「天空新聞網」（Sky News）訪問時指出，她會回布魯塞爾與歐盟執委會主席榮科（Jean-Claude Juncker）會面。 她說：「本週焦點會放在雙方未來關係。在達成我們所希望的未來關係前…我們不會同意脫離這部分，因為脫歐與未來雙邊關係這兩塊密不可分。」 但被問到若脫歐協議遭國會否決該如何是好時，梅伊僅表示，國會自有一套程序，「政府會視情況，決定下一步」。 彭博（Bloomberg）報導，梅伊將訴求商界領袖協助脫歐協議過關。 英國工業總會（CBI）總幹事費爾貝恩（Carolyn Fairbairn）今天表示，想否決脫歐協議的議員都該回自家選區與區內企業聊聊。費爾貝恩指出，脫歐協議開啟貿易不再有磨擦之途，這是企業所樂見。（譯者：陳亦偉/核稿：劉文瑜）1071119","國際"
"11月電子期跌 金融期漲","2018/11/19 14:07","（中央社台北19日電）台北股市今天上漲31.60點，收9828.69點。11月電子期收383.6點，下跌0.25點，逆價差0.33點；11月金融期收1250點，上漲6.2點，逆價差1.46點。 11月電子期以383.6點作收，下跌0.25點，成交2474口。12月電子期以381.9點作收，下跌0.75點，成交340口。 電子現貨下跌0.39點，以383.93點作收；11月電子期貨與現貨相較，逆價差0.33點。 11月金融期貨以1250點作收，上漲6.2點，成交1444口。12月金融期以1249.6點作收，上漲7.6點，成交346口。 金融現貨以1251.46點作收，上漲4.68點；11月金融期貨與現貨相較，逆價差1.46點。實際收盤價以期交所公告為準。1071119","證券"
